model,split,population,group,count,observed_bad,expected_bad,average_probability,observed_good,expected_good
application_only,validation,full,0,6151,103,77.45454351276322,0.01259218720740745,6048,6073.545456487237
application_only,validation,full,1,6150,159,134.89537378827666,0.021934207120044985,5991,6015.104626211723
application_only,validation,full,2,6150,168,185.94051310893573,0.030234229773810687,5982,5964.059486891064
application_only,validation,full,3,6150,233,241.95033921050964,0.039341518570814575,5917,5908.04966078949
application_only,validation,full,4,6150,296,305.43798279076435,0.04966471264890477,5854,5844.562017209236
application_only,validation,full,5,6150,382,384.0987537437293,0.06245508190954947,5768,5765.9012462562705
application_only,validation,full,6,6150,504,484.16928461241065,0.07872671294510743,5646,5665.830715387589
application_only,validation,full,7,6150,651,621.52061783774,0.10106026306304716,5499,5528.47938216226
application_only,validation,full,8,6150,916,845.6818760970566,0.13750924814586285,5234,5304.318123902944
application_only,validation,full,9,6151,1553,1468.6458213877877,0.23876537496143516,4598,4682.354178612212
application_only,validation,synthetic_accepted,0,3996,52,46.329738431951455,0.011594028636624489,3944,3949.6702615680488
application_only,validation,synthetic_accepted,1,3995,90,80.0408677319376,0.020035261009245957,3905,3914.9591322680626
application_only,validation,synthetic_accepted,2,3995,115,109.88100341295868,0.02750463164279316,3880,3885.1189965870412
application_only,validation,synthetic_accepted,3,3995,138,142.37755099867832,0.03563893642019482,3857,3852.622449001322
application_only,validation,synthetic_accepted,4,3995,141,179.48933222625797,0.04492849367365656,3854,3815.510667773742
application_only,validation,synthetic_accepted,5,3995,217,225.12346667283455,0.05635130580045921,3778,3769.8765333271654
application_only,validation,synthetic_accepted,6,3995,290,283.5108441406078,0.07096641905897566,3705,3711.489155859392
application_only,validation,synthetic_accepted,7,3995,360,363.615642405345,0.09101768270471715,3635,3631.384357594655
application_only,validation,synthetic_accepted,8,3995,520,493.18483161074425,0.12345052105400357,3475,3501.8151683892556
application_only,validation,synthetic_accepted,9,3995,878,869.5174647931002,0.21765143048638302,3117,3125.4825352068997
application_only,validation,synthetic_rejected,0,2156,54,33.29583226758357,0.015443335931161211,2102,2122.7041677324164
application_only,validation,synthetic_rejected,1,2155,46,57.61043350972254,0.02673337981889677,2109,2097.3895664902775
application_only,validation,synthetic_rejected,2,2155,94,79.58844795632344,0.03693199441128698,2061,2075.4115520436767
application_only,validation,synthetic_rejected,3,2155,103,102.77277500012373,0.047690382830683865,2052,2052.2272249998764
application_only,validation,synthetic_rejected,4,2155,151,129.40930272895457,0.06005072052387683,2004,2025.5906972710454
application_only,validation,synthetic_rejected,5,2155,177,162.3123048411296,0.07531893496108101,1978,1992.6876951588704
application_only,validation,synthetic_rejected,6,2155,219,203.2456700273873,0.09431353597558575,1936,1951.7543299726126
application_only,validation,synthetic_rejected,7,2155,284,259.39410794427573,0.1203684955657892,1871,1895.6058920557243
application_only,validation,synthetic_rejected,8,2155,400,350.1628699239924,0.1624885707303909,1755,1804.8371300760077
application_only,validation,synthetic_rejected,9,2155,636,578.9326194660653,0.26864622713042474,1519,1576.0673805339347
accepted_only,validation,full,0,6151,91,72.05283264796134,0.011714003031695877,6060,6078.947167352038
accepted_only,validation,full,1,6150,143,126.46978333869382,0.020564192412795744,6007,6023.530216661306
accepted_only,validation,full,2,6150,173,175.8930003155712,0.028600487856190435,5977,5974.106999684429
accepted_only,validation,full,3,6150,210,230.83550442705962,0.037534228362123515,5940,5919.164495572941
accepted_only,validation,full,4,6150,265,295.0929530869031,0.04798259399787042,5885,5854.907046913097
accepted_only,validation,full,5,6150,396,374.27798468429756,0.0608582088917557,5754,5775.722015315702
accepted_only,validation,full,6,6150,488,478.0395424208833,0.07773000689770461,5662,5671.960457579116
accepted_only,validation,full,7,6150,650,624.3854733969736,0.10152609323528025,5500,5525.614526603026
accepted_only,validation,full,8,6150,942,864.3297249433185,0.1405414186899705,5208,5285.670275056682
accepted_only,validation,full,9,6151,1607,1550.6719998580193,0.2521007965953535,4544,4600.328000141981
accepted_only,validation,synthetic_accepted,0,3996,45,42.911881930153754,0.010738709191730169,3951,3953.088118069846
accepted_only,validation,synthetic_accepted,1,3995,90,74.72361896913499,0.01870428509865707,3905,3920.276381030865
accepted_only,validation,synthetic_accepted,2,3995,115,102.87805309819424,0.025751702903177534,3880,3892.1219469018056
accepted_only,validation,synthetic_accepted,3,3995,102,134.62355092337035,0.033698010243647145,3893,3860.37644907663
accepted_only,validation,synthetic_accepted,4,3995,153,171.1564170010121,0.0428426575722183,3842,3823.843582998988
accepted_only,validation,synthetic_accepted,5,3995,211,217.07445619422532,0.054336534716952524,3784,3777.925543805775
accepted_only,validation,synthetic_accepted,6,3995,258,276.2178836266618,0.06914089702795038,3737,3718.7821163733383
accepted_only,validation,synthetic_accepted,7,3995,378,360.8004112644424,0.09031299405868395,3617,3634.1995887355574
accepted_only,validation,synthetic_accepted,8,3995,534,498.12828947577566,0.1246879322842993,3461,3496.8717105242245
accepted_only,validation,synthetic_accepted,9,3995,915,907.5649886689416,0.22717521618746975,3080,3087.4350113310584
accepted_only,validation,synthetic_rejected,0,2156,43,31.335534252473977,0.014534106796138209,2113,2124.664465747526
accepted_only,validation,synthetic_rejected,1,2155,64,54.99678976560447,0.025520552095408107,2091,2100.0032102343957
accepted_only,validation,synthetic_rejected,2,2155,79,76.95901064502324,0.03571183788632169,2076,2078.040989354977
accepted_only,validation,synthetic_rejected,3,2155,92,100.30573447077225,0.04654558444119362,2063,2054.694265529228
accepted_only,validation,synthetic_rejected,4,2155,154,127.75602266622383,0.05928353720010386,2001,2027.2439773337762
accepted_only,validation,synthetic_rejected,5,2155,170,161.2186556408265,0.07481144113263412,1985,1993.7813443591735
accepted_only,validation,synthetic_rejected,6,2154,218,204.56741388595137,0.09497094423674622,1936,1949.4325861140487
accepted_only,validation,synthetic_rejected,7,2156,304,266.3320529257636,0.1235306367930258,1852,1889.6679470742365
accepted_only,validation,synthetic_rejected,8,2155,403,360.7391906428123,0.16739637616835837,1752,1794.2608093571878
accepted_only,validation,synthetic_rejected,9,2155,637,621.7588430723176,0.288519184720333,1518,1533.2411569276824
parcelled,validation,full,0,6151,92,81.69222968661474,0.01328112984662896,6059,6069.307770313385
parcelled,validation,full,1,6150,154,145.46682075910752,0.02365314158684675,5996,6004.533179240892
parcelled,validation,full,2,6150,175,202.96296228518707,0.03300210768864831,5975,5947.037037714813
parcelled,validation,full,3,6150,195,266.6841425236571,0.04336327520709871,5955,5883.315857476343
parcelled,validation,full,4,6150,278,339.6713097844376,0.05523110728202237,5872,5810.328690215562
parcelled,validation,full,5,6150,408,429.9187932981884,0.06990549484523388,5742,5720.081206701811
parcelled,validation,full,6,6150,469,545.8065908283556,0.08874903915908222,5681,5604.193409171645
parcelled,validation,full,7,6150,657,705.0543761156043,0.11464298798627713,5493,5444.945623884396
parcelled,validation,full,8,6150,953,957.3568080050137,0.15566777365935183,5197,5192.643191994986
parcelled,validation,full,9,6151,1584,1630.5390176722128,0.2650851922731609,4567,4520.460982327787
parcelled,validation,synthetic_accepted,0,3996,46,48.457375460236214,0.012126470335394449,3950,3947.542624539764
parcelled,validation,synthetic_accepted,1,3995,91,85.48797732489416,0.021398742759673132,3904,3909.512022675106
parcelled,validation,synthetic_accepted,2,3995,111,118.43179308573937,0.02964500452709371,3884,3876.568206914261
parcelled,validation,synthetic_accepted,3,3995,119,154.97911785788114,0.03879327105328689,3876,3840.020882142119
parcelled,validation,synthetic_accepted,4,3995,135,197.07600113344216,0.049330663612876635,3860,3797.9239988665577
parcelled,validation,synthetic_accepted,5,3995,221,248.4761444901766,0.062196782100169365,3774,3746.5238555098235
parcelled,validation,synthetic_accepted,6,3995,268,315.306365983838,0.07892524805602955,3727,3679.693634016162
parcelled,validation,synthetic_accepted,7,3995,372,407.92370475512627,0.1021085618911455,3623,3587.0762952448736
parcelled,validation,synthetic_accepted,8,3995,516,553.7238504672019,0.13860421788916194,3479,3441.276149532798
parcelled,validation,synthetic_accepted,9,3995,922,960.022126785146,0.24030591408889762,3073,3034.977873214854
parcelled,validation,synthetic_rejected,0,2156,45,36.04361524974135,0.016717817833831795,2111,2119.9563847502586
parcelled,validation,synthetic_rejected,1,2155,65,63.774974410831724,0.029593955643077367,2090,2091.225025589168
parcelled,validation,synthetic_rejected,2,2155,77,89.42195139775639,0.04149510505696352,2078,2065.5780486022436
parcelled,validation,synthetic_rejected,3,2155,94,116.30058541270596,0.053967789054619936,2061,2038.699414587294
parcelled,validation,synthetic_rejected,4,2155,153,147.82716474698563,0.0685972922259794,2002,2007.1728352530145
parcelled,validation,synthetic_rejected,5,2155,171,185.44645898809796,0.08605404129378096,1984,1969.553541011902
parcelled,validation,synthetic_rejected,6,2155,224,233.4999644915204,0.10835265173620436,1931,1921.5000355084796
parcelled,validation,synthetic_rejected,7,2155,292,298.70773839093044,0.13861147953175426,1863,1856.2922616090696
parcelled,validation,synthetic_rejected,8,2155,406,396.87923060976067,0.18416669633863605,1749,1758.1207693902393
parcelled,validation,synthetic_rejected,9,2155,637,647.3669099163665,0.3004022783834647,1518,1507.6330900836335
oracle,validation,full,0,6151,88,73.75619467675227,0.011990927438912741,6063,6077.243805323248
oracle,validation,full,1,6150,151,129.2714012647956,0.021019740043056196,5999,6020.728598735204
oracle,validation,full,2,6150,174,179.81302133620557,0.029237889648163505,5976,5970.186978663794
oracle,validation,full,3,6150,204,235.77615587769677,0.03833758632157671,5946,5914.2238441223035
oracle,validation,full,4,6150,265,301.6131750247874,0.0490427926869573,5885,5848.386824975212
oracle,validation,full,5,6150,392,382.7187886477684,0.06223069734110055,5758,5767.281211352231
oracle,validation,full,6,6150,478,490.03272660841344,0.0796801181477095,5672,5659.967273391587
oracle,validation,full,7,6150,648,639.7514949670682,0.10402463332797857,5502,5510.2485050329315
oracle,validation,full,8,6150,962,889.8221268193993,0.14468652468608117,5188,5260.177873180601
oracle,validation,full,9,6151,1603,1606.38169921412,0.2611578116101642,4548,4544.61830078588
oracle,validation,synthetic_accepted,0,3996,46,43.87033257593968,0.01097856170569061,3950,3952.1296674240602
oracle,validation,synthetic_accepted,1,3995,92,76.43264387200841,0.019132076063080955,3903,3918.5673561279914
oracle,validation,synthetic_accepted,2,3995,105,105.21722516091015,0.0263372278250088,3890,3889.78277483909
oracle,validation,synthetic_accepted,3,3995,109,137.36705484164386,0.03438474464121248,3886,3857.632945158356
oracle,validation,synthetic_accepted,4,3995,150,174.919047685325,0.043784492537002506,3845,3820.080952314675
oracle,validation,synthetic_accepted,5,3995,213,221.44425629056855,0.05543035201265796,3782,3773.555743709431
oracle,validation,synthetic_accepted,6,3995,263,282.08172746457046,0.07060869273205769,3732,3712.9182725354294
oracle,validation,synthetic_accepted,7,3995,363,369.0518885295939,0.09237844518888458,3632,3625.9481114704063
oracle,validation,synthetic_accepted,8,3995,535,510.0264079222488,0.1276661847114515,3460,3484.973592077751
oracle,validation,synthetic_accepted,9,3995,925,935.8401721846171,0.23425285912005436,3070,3059.159827815383
oracle,validation,synthetic_rejected,0,2156,44,32.088480155250636,0.014883339589633875,2112,2123.9115198447494
oracle,validation,synthetic_rejected,1,2155,66,56.2564370391185,0.026105075192166358,2089,2098.7435629608817
oracle,validation,synthetic_rejected,2,2155,74,78.63404354442183,0.03648911533383844,2081,2076.3659564555783
oracle,validation,synthetic_rejected,3,2155,96,102.73985250217417,0.047675105569454375,2059,2052.260147497826
oracle,validation,synthetic_rejected,4,2155,147,131.13301566130016,0.060850587313828385,2008,2023.8669843387
oracle,validation,synthetic_rejected,5,2155,168,165.89895056116922,0.07698327172212029,1987,1989.1010494388308
oracle,validation,synthetic_rejected,6,2154,229,210.4296540113367,0.09769250418353607,1925,1943.5703459886633
oracle,validation,synthetic_rejected,7,2156,299,274.67694073910116,0.12740117845041798,1857,1881.3230592608988
oracle,validation,synthetic_rejected,8,2155,406,373.82570386337954,0.17346900411293714,1749,1781.1742961366203
oracle,validation,synthetic_rejected,9,2155,635,647.002949832329,0.3002333873931921,1520,1507.997050167671
application_only,test,full,0,6151,71,77.81907530871617,0.012651451033769495,6080,6073.1809246912835
application_only,test,full,1,6150,138,135.50072109440177,0.02203263757632549,6012,6014.499278905599
application_only,test,full,2,6150,189,186.1551284397352,0.0302691265755667,5961,5963.844871560264
application_only,test,full,3,6150,252,240.61405618080485,0.03912423677736664,5898,5909.385943819195
application_only,test,full,4,6151,290,305.38496516287285,0.04964801904777644,5861,5845.6150348371275
application_only,test,full,5,6150,407,383.7479538399939,0.06239804127479576,5743,5766.252046160006
application_only,test,full,6,6150,522,485.49302856776336,0.07894195586467696,5628,5664.506971432236
application_only,test,full,7,6150,639,629.7223168408135,0.10239387265704285,5511,5520.277683159186
application_only,test,full,8,6150,870,865.2811427512847,0.14069612077256663,5280,5284.718857248716
application_only,test,full,9,6151,1587,1489.9300383285092,0.2422256605964086,4564,4661.069961671491
application_only,test,synthetic_accepted,0,3995,42,46.513845177214264,0.011643015063132481,3953,3948.486154822786
application_only,test,synthetic_accepted,1,3994,74,80.46094483522504,0.020145454390391847,3920,3913.539055164775
application_only,test,synthetic_accepted,2,3994,102,110.0442123024771,0.027552381648091415,3892,3883.9557876975227
application_only,test,synthetic_accepted,3,3995,136,141.99188083177694,0.03554239820570136,3859,3853.008119168223
application_only,test,synthetic_accepted,4,3994,179,179.08334961612584,0.044838094545850235,3815,3814.916650383874
application_only,test,synthetic_accepted,5,3994,230,224.4793351040362,0.056204139985988034,3764,3769.520664895964
application_only,test,synthetic_accepted,6,3995,299,283.57343219220735,0.07098208565512074,3696,3711.4265678077927
application_only,test,synthetic_accepted,7,3994,359,368.0954968537098,0.09216211738951172,3635,3625.90450314629
application_only,test,synthetic_accepted,8,3994,496,505.50698661756815,0.12656659654921587,3498,3488.493013382432
application_only,test,synthetic_accepted,9,3995,900,880.7753564763756,0.22046942590147073,3095,3114.2246435236243
application_only,test,synthetic_rejected,0,2156,39,33.44707147201196,0.015513483985163248,2117,2122.552928527988
application_only,test,synthetic_rejected,1,2156,72,57.813988521697524,0.026815393562939483,2084,2098.1860114783026
application_only,test,synthetic_rejected,2,2156,95,78.9630362305312,0.036624784893567346,2061,2077.036963769469
application_only,test,synthetic_rejected,3,2156,89,102.77278328619514,0.04766826683033169,2067,2053.227216713805
application_only,test,synthetic_rejected,4,2156,146,129.92530546951485,0.06026220105265068,2010,2026.0746945304852
application_only,test,synthetic_rejected,5,2155,181,162.27481037553832,0.07530153613714076,1974,1992.7251896244616
application_only,test,synthetic_rejected,6,2156,241,203.7916156013227,0.09452301280209773,1915,1952.2083843986773
application_only,test,synthetic_rejected,7,2156,261,262.90407847170894,0.1219406671946702,1895,1893.095921528291
application_only,test,synthetic_rejected,8,2156,374,356.8895245901846,0.16553317467077205,1782,1799.1104754098155
application_only,test,synthetic_rejected,9,2156,650,590.3413724894742,0.2738132525461383,1506,1565.6586275105258
accepted_only,test,full,0,6151,68,71.569089198081,0.011635358347924079,6083,6079.430910801919
accepted_only,test,full,1,6150,114,126.46800395821236,0.020563903082636156,6036,6023.531996041787
accepted_only,test,full,2,6150,190,176.21073093036915,0.02865215137079173,5960,5973.789269069631
accepted_only,test,full,3,6150,188,231.8163753592141,0.03769371957060392,5962,5918.183624640786
accepted_only,test,full,4,6151,323,295.6018624367405,0.04805752925324996,5828,5855.398137563259
accepted_only,test,full,5,6150,385,373.46159797509307,0.06072546308538099,5765,5776.538402024907
accepted_only,test,full,6,6150,530,480.0938655392172,0.07806404317710848,5620,5669.906134460783
accepted_only,test,full,7,6150,656,632.5860946072095,0.10285952757840805,5494,5517.41390539279
accepted_only,test,full,8,6150,874,882.3600832873492,0.14347318427436573,5276,5267.639916712651
accepted_only,test,full,9,6151,1637,1583.5054237815148,0.25743869676174846,4514,4567.494576218485
accepted_only,test,synthetic_accepted,0,3995,39,42.44656852730695,0.010624923285934156,3956,3952.553431472693
accepted_only,test,synthetic_accepted,1,3994,62,74.21376990130554,0.01858131444699688,3932,3919.7862300986944
accepted_only,test,synthetic_accepted,2,3994,92,102.8258385042905,0.02574507724193553,3902,3891.1741614957095
accepted_only,test,synthetic_accepted,3,3995,140,134.56240874343266,0.03368270556781794,3855,3860.4375912565674
accepted_only,test,synthetic_accepted,4,3994,154,171.61753890043684,0.042968837982082335,3840,3822.382461099563
accepted_only,test,synthetic_accepted,5,3994,226,216.34077232323102,0.054166442744925145,3768,3777.6592276767688
accepted_only,test,synthetic_accepted,6,3995,285,277.06418841121234,0.06935273802533476,3710,3717.9358115887876
accepted_only,test,synthetic_accepted,7,3994,394,364.2509625488778,0.09119953994714015,3600,3629.749037451122
accepted_only,test,synthetic_accepted,8,3994,505,509.94169544392145,0.1276769392698852,3489,3484.0583045560784
accepted_only,test,synthetic_accepted,9,3995,920,927.8593030653593,0.23225514469721134,3075,3067.140696934641
accepted_only,test,synthetic_rejected,0,2156,32,31.69794673659258,0.014702201640349064,2124,2124.3020532634073
accepted_only,test,synthetic_rejected,1,2156,59,55.440926000131995,0.025714715213419292,2097,2100.559073999868
accepted_only,test,synthetic_rejected,2,2156,74,77.59933288933516,0.035992269429190704,2082,2078.400667110665
accepted_only,test,synthetic_rejected,3,2156,112,100.91222826224858,0.0468053006782229,2044,2055.0877717377516
accepted_only,test,synthetic_rejected,4,2156,129,127.5426527763655,0.0591570745715981,2027,2028.4573472236345
accepted_only,test,synthetic_rejected,5,2155,179,161.28569969410873,0.07484255206223143,1976,1993.7143003058914
accepted_only,test,synthetic_rejected,6,2156,219,206.8653584579649,0.09594868203059596,1937,1949.134641542035
accepted_only,test,synthetic_rejected,7,2156,281,268.7385546131066,0.12464682495969694,1875,1887.2614453868935
accepted_only,test,synthetic_rejected,8,2156,393,368.2487839731394,0.17080184785396074,1763,1787.7512160268607
accepted_only,test,synthetic_rejected,9,2156,670,634.218597300633,0.29416446999101714,1486,1521.781402699367
parcelled,test,full,0,6151,73,81.32801495152604,0.013221917566497488,6078,6069.671985048474
parcelled,test,full,1,6150,111,145.50274658059968,0.023658983183837346,6039,6004.4972534194
parcelled,test,full,2,6150,185,203.27639205210716,0.033053071878391405,5965,5946.723607947893
parcelled,test,full,3,6150,207,267.9200908679024,0.043564242417545106,5943,5882.079909132098
parcelled,test,full,4,6151,329,341.03797696326455,0.05544431425187198,5822,5809.962023036735
parcelled,test,full,5,6150,372,428.8560120805191,0.06973268489114132,5778,5721.14398791948
parcelled,test,full,6,6150,529,547.5169082157882,0.08902713954728264,5621,5602.483091784212
parcelled,test,full,7,6150,660,714.142821531966,0.11612078398893756,5490,5435.857178468034
parcelled,test,full,8,6150,889,976.4674545258716,0.15877519585786531,5261,5173.532545474129
parcelled,test,full,9,6151,1610,1662.067484164628,0.2702109387359174,4541,4488.932515835372
parcelled,test,synthetic_accepted,0,3995,42,48.051235037585116,0.012027843563851092,3953,3946.9487649624148
parcelled,test,synthetic_accepted,1,3994,58,85.0153010288839,0.021285753888053052,3936,3908.984698971116
parcelled,test,synthetic_accepted,2,3994,100,118.44930955697089,0.029656812608154955,3894,3875.550690443029
parcelled,test,synthetic_accepted,3,3995,135,155.10468543989649,0.03882470223777133,3860,3839.8953145601035
parcelled,test,synthetic_accepted,4,3994,161,197.88426491722137,0.04954538430576399,3833,3796.1157350827784
parcelled,test,synthetic_accepted,5,3994,226,248.38365664830968,0.062189197959015945,3768,3745.6163433516904
parcelled,test,synthetic_accepted,6,3995,307,316.2306505974332,0.07915660840987064,3688,3678.7693494025666
parcelled,test,synthetic_accepted,7,3994,370,412.11765782722097,0.10318419074291962,3624,3581.882342172779
parcelled,test,synthetic_accepted,8,3994,503,566.6647266374617,0.14187900015960483,3491,3427.3352733625384
parcelled,test,synthetic_accepted,9,3995,915,979.5328828430055,0.24518970784555832,3080,3015.4671171569944
parcelled,test,synthetic_rejected,0,2156,31,36.42766919073262,0.016895950459523478,2125,2119.5723308092674
parcelled,test,synthetic_rejected,1,2156,60,64.22020009432151,0.029786734737625935,2096,2091.7797999056784
parcelled,test,synthetic_rejected,2,2156,73,90.0292373023611,0.041757531216308486,2083,2065.9707626976387
parcelled,test,synthetic_rejected,3,2156,122,116.90522176006122,0.05422320118741244,2034,2039.0947782399387
parcelled,test,synthetic_rejected,4,2156,127,147.30824883931163,0.06832479074179575,2029,2008.6917511606885
parcelled,test,synthetic_rejected,5,2155,178,185.01780251072086,0.0858551287752765,1977,1969.982197489279
parcelled,test,synthetic_rejected,6,2156,228,235.20624743465132,0.10909380678787167,1928,1920.7937525653488
parcelled,test,synthetic_rejected,7,2156,276,301.69087156117064,0.1399308309652925,1880,1854.3091284388292
parcelled,test,synthetic_rejected,8,2156,392,403.7945187253282,0.187288737813232,1764,1752.205481274672
parcelled,test,synthetic_rejected,9,2156,661,660.0815139815248,0.3061602569487592,1495,1495.918486018475
oracle,test,full,0,6151,64,73.15734842841654,0.011893569895694447,6087,6077.842651571584
oracle,test,full,1,6150,116,129.3084924199873,0.021025771125201185,6034,6020.6915075800125
oracle,test,full,2,6150,185,180.1193291800582,0.02928769580163548,5965,5969.880670819942
oracle,test,full,3,6150,195,237.2002475408828,0.03856914594160696,5955,5912.799752459117
oracle,test,full,4,6151,311,302.2976349215825,0.049146095744038776,5840,5848.702365078418
oracle,test,full,5,6150,380,382.4095771489942,0.06218041904861694,5770,5767.590422851006
oracle,test,full,6,6150,540,490.94669688713515,0.07982873120116019,5610,5659.053303112865
oracle,test,full,7,6150,649,647.7470339764598,0.10532472097178207,5501,5502.2529660235405
oracle,test,full,8,6150,879,906.2765569349513,0.14736204177804085,5271,5243.723443065049
oracle,test,full,9,6151,1646,1639.4942509184161,0.26654109102884344,4505,4511.505749081583
oracle,test,synthetic_accepted,0,3995,41,43.36856025611652,0.010855709701155574,3954,3951.6314397438837
oracle,test,synthetic_accepted,1,3994,60,75.83677630586759,0.018987675589851673,3934,3918.1632236941323
oracle,test,synthetic_accepted,2,3994,96,105.03964319884388,0.026299359839470175,3898,3888.960356801156
oracle,test,synthetic_accepted,3,3995,133,137.4275206733113,0.034399880018350766,3862,3857.5724793266886
oracle,test,synthetic_accepted,4,3994,160,175.68457228038446,0.04398712375572971,3834,3818.3154277196154
oracle,test,synthetic_accepted,5,3994,215,221.16695864949648,0.05537480186517188,3779,3772.8330413505037
oracle,test,synthetic_accepted,6,3995,306,282.9598698352836,0.0708285030876805,3689,3712.040130164716
oracle,test,synthetic_accepted,7,3994,380,372.02169894066395,0.09314514244883924,3614,3621.978301059336
oracle,test,synthetic_accepted,8,3994,502,521.8267633776268,0.13065266984918047,3492,3472.173236622373
oracle,test,synthetic_accepted,9,3995,924,955.9169205962032,0.23927832805912472,3071,3039.0830794037965
oracle,test,synthetic_rejected,0,2156,34,32.45637020957648,0.015053975050823969,2122,2123.5436297904234
oracle,test,synthetic_rejected,1,2156,56,56.7275554429366,0.026311482116389888,2100,2099.2724445570634
oracle,test,synthetic_rejected,2,2156,78,79.49423871888207,0.03687116823695829,2078,2076.505761281118
oracle,test,synthetic_rejected,3,2156,102,103.33576924225825,0.04792939204186375,2054,2052.6642307577417
oracle,test,synthetic_rejected,4,2156,132,130.78822360066385,0.06066244137322071,2024,2025.211776399336
oracle,test,synthetic_rejected,5,2155,183,165.35699632197458,0.07673178483618309,1972,1989.6430036780255
oracle,test,synthetic_rejected,6,2156,223,212.56533280297134,0.09859245491789023,1933,1943.4346671970286
oracle,test,synthetic_rejected,7,2156,268,276.7929051217836,0.12838260905463061,1888,1879.2070948782164
oracle,test,synthetic_rejected,8,2156,403,380.4334701726553,0.176453372065239,1753,1775.5665298273448
oracle,test,synthetic_rejected,9,2156,669,659.7570226093841,0.3060097507464676,1487,1496.242977390616
