population,feature,bin,expected_share,actual_share,csi_contribution
validation,EXT_SOURCE_2,MISSING,0.0022384095910160102,0.001999934961464668,2.686439331242472e-05
validation,EXT_SOURCE_2,N0,0.061109123822531516,0.06032324152060096,1.0172240548745482e-05
validation,EXT_SOURCE_2,N1,0.05770002059553619,0.058095671685473645,2.703734328388444e-06
validation,EXT_SOURCE_2,N10,0.04789004151626505,0.04742935189099542,4.453166890805746e-06
validation,EXT_SOURCE_2,N11,0.09316770186335403,0.09355793307534714,1.6310628217780595e-06
validation,EXT_SOURCE_2,N12,0.045386057905975954,0.045933465578355176,6.562862739562972e-06
validation,EXT_SOURCE_2,N13,0.045592013267861206,0.045559494000195114,2.3203188759011424e-08
validation,EXT_SOURCE_2,N14,0.04427498292738447,0.04516926278820201,1.7882941777976916e-05
validation,EXT_SOURCE_2,N15,0.04368421623145047,0.04256772137491464,2.8906722137600593e-05
validation,EXT_SOURCE_2,N16,0.04292543331924165,0.04409612695522097,3.150038389376862e-05
validation,EXT_SOURCE_2,N17,0.042150390773199785,0.03996617996162726,0.00011622264338310927
validation,EXT_SOURCE_2,N2,0.05634505110944901,0.05856720106663198,8.595369063053964e-05
validation,EXT_SOURCE_2,N3,0.05647512818011338,0.05528275503235667,2.544442743162288e-05
validation,EXT_SOURCE_2,N4,0.05499550150130619,0.052323501674742284,0.0001330809768945828
validation,EXT_SOURCE_2,N5,0.05388984640065906,0.055299014666189715,3.6374872691187104e-05
validation,EXT_SOURCE_2,N6,0.05235602094240838,0.05276251178823453,3.1437963804984093e-06
validation,EXT_SOURCE_2,N7,0.05126662547559429,0.05030730707944457,1.812116803211129e-05
validation,EXT_SOURCE_2,N8,0.050724637681159424,0.05069753829143768,1.4481585190318083e-08
validation,EXT_SOURCE_2,N9,0.09782879689549391,0.10006178660856557,5.0396078637533866e-05
validation,EXT_SOURCE_3,MISSING,0.19815073764538824,0.19688790608435497,8.073888512716417e-06
validation,EXT_SOURCE_3,N0,0.04979241867473144,0.04965692172612273,3.69221844381594e-07
validation,EXT_SOURCE_3,N1,0.04732095433210844,0.047494390426327596,6.344988230267115e-07
validation,EXT_SOURCE_3,N10,0.03611806662113969,0.03725082111150857,3.498035045179927e-05
validation,EXT_SOURCE_3,N11,0.03969518606440983,0.03954342948196807,5.812844738195742e-07
validation,EXT_SOURCE_3,N12,0.03633486173891364,0.03629150271535885,5.177197457460232e-08
validation,EXT_SOURCE_3,N13,0.03561943785025961,0.03656791649052064,2.4925792425702797e-05
validation,EXT_SOURCE_3,N14,0.10425135225954711,0.10580143735163085,2.287812901117439e-05
validation,EXT_SOURCE_3,N15,0.03384713776245759,0.033657442034405384,1.0661369664150602e-06
validation,EXT_SOURCE_3,N2,0.04647003349484569,0.047266755552664956,1.3543910139249265e-05
validation,EXT_SOURCE_3,N3,0.04548361570897423,0.04458391597021235,1.7975102237524873e-05
validation,EXT_SOURCE_3,N4,0.043743834888838304,0.044518877434880165,1.3611781744088553e-05
validation,EXT_SOURCE_3,N5,0.043868492081558325,0.043819713180059186,5.426913391127322e-08
validation,EXT_SOURCE_3,N6,0.04155420419932143,0.04009625703229163,5.20716199136463e-05
validation,EXT_SOURCE_3,N7,0.03919655729352975,0.03746219635133817,7.849126482715272e-05
validation,EXT_SOURCE_3,N8,0.07989984065558843,0.07855029104744561,2.298929218102761e-05
validation,EXT_SOURCE_3,N9,0.07865326872838824,0.08055022600891028,4.520776683074697e-05
validation,EXT_SOURCE_1,MISSING,0.5639003609638711,0.5642743325420312,2.4793101139229594e-07
validation,EXT_SOURCE_1,N0,0.07619264414165393,0.07531462391466945,1.0176781080373303e-05
validation,EXT_SOURCE_1,N1,0.07202475800244978,0.06973756950993464,7.380924492336537e-05
validation,EXT_SOURCE_1,N2,0.04525598083531159,0.045201782055868105,6.494761645197247e-08
validation,EXT_SOURCE_1,N3,0.06546670568978787,0.06542876654417742,2.1992797541301307e-08
validation,EXT_SOURCE_1,N4,0.04174389992737364,0.04268153881174596,2.0827912545843885e-05
validation,EXT_SOURCE_1,N5,0.04015045581173512,0.04118565249910572,2.6352134931438396e-05
validation,EXT_SOURCE_1,N6,0.09526519462781698,0.09617573412246756,8.661558723149327e-06
validation,BUREAU_DEBT_CREDIT_RATIO_MEAN,MISSING,0.17097004975447952,0.16984813501999935,7.3863266348795876e-06
validation,BUREAU_DEBT_CREDIT_RATIO_MEAN,N0,0.3177674438771639,0.32059120028616955,2.4981731938564483e-05
validation,BUREAU_DEBT_CREDIT_RATIO_MEAN,N1,0.08219786890399228,0.08290787291470196,6.106496323005169e-06
validation,BUREAU_DEBT_CREDIT_RATIO_MEAN,N10,0.044768191820320206,0.04489284901304023,3.4662603879836657e-07
validation,BUREAU_DEBT_CREDIT_RATIO_MEAN,N2,0.042405125036584175,0.043754674644727,4.228034693945018e-05
validation,BUREAU_DEBT_CREDIT_RATIO_MEAN,N3,0.04203115345842411,0.04276283698091119,1.2627641707873569e-05
validation,BUREAU_DEBT_CREDIT_RATIO_MEAN,N4,0.04168970114793015,0.041494585541933596,9.153211750928808e-07
validation,BUREAU_DEBT_CREDIT_RATIO_MEAN,N5,0.04224252869825371,0.040210074469122954,0.00010022017517545898
validation,BUREAU_DEBT_CREDIT_RATIO_MEAN,N6,0.08535765774554757,0.0833794022958603,4.638784083269498e-05
validation,BUREAU_DEBT_CREDIT_RATIO_MEAN,N7,0.04328856514151301,0.04390101134922442,8.604159848324545e-06
validation,BUREAU_DEBT_CREDIT_RATIO_MEAN,N8,0.043781774034448745,0.04320184709440343,7.732955575491078e-06
validation,BUREAU_DEBT_CREDIT_RATIO_MEAN,N9,0.04349994038134261,0.04305551038990602,4.564004955676102e-06
validation,DAYS_EMPLOYED,MISSING,0.18007544470098533,0.18033559884231407,3.755722263094464e-07
validation,DAYS_EMPLOYED,N0,0.039771064355630714,0.04105557542844135,4.083078617809246e-05
validation,DAYS_EMPLOYED,N1,0.03953258972607937,0.038096322070826964,5.315288235109367e-05
validation,DAYS_EMPLOYED,N10,0.041369928349213575,0.04081168092094566,7.584299878956186e-06
validation,DAYS_EMPLOYED,N11,0.08281573498964803,0.08328184449286202,2.616036187484019e-06
validation,DAYS_EMPLOYED,N12,0.04164634212437536,0.04012877629995772,5.633181606352424e-05
validation,DAYS_EMPLOYED,N13,0.20797155648054805,0.2061721570030243,1.563640228754507e-05
validation,DAYS_EMPLOYED,N2,0.03989572154835073,0.039592208383467206,2.317853516626709e-06
validation,DAYS_EMPLOYED,N3,0.040378090685397765,0.04066534421644825,2.0363139037351306e-06
validation,DAYS_EMPLOYED,N4,0.040378090685397765,0.04095801762544307,8.269905261841139e-06
validation,DAYS_EMPLOYED,N5,0.040990536893109164,0.04139702773893532,4.0111914772821265e-06
validation,DAYS_EMPLOYED,N6,0.040676183972336945,0.04129946993593704,9.478250195169258e-06
validation,DAYS_EMPLOYED,N7,0.0818997756170531,0.08204611232155051,2.6123786377958753e-07
validation,DAYS_EMPLOYED,N8,0.04164634212437536,0.04177099931709538,3.7257066685939903e-07
validation,DAYS_EMPLOYED,N9,0.04095259774749872,0.04238886540275113,4.9508826838997085e-05
validation,BUREAU_DAYS_CREDIT_MOST_RECENT,MISSING,0.14296554041602982,0.14193034372865923,7.523007228126919e-06
validation,BUREAU_DAYS_CREDIT_MOST_RECENT,N0,0.20376031131778913,0.20355435595590388,2.0827933837111694e-07
validation,BUREAU_DAYS_CREDIT_MOST_RECENT,N1,0.12570322916327925,0.12767064485707783,3.055407604925208e-05
validation,BUREAU_DAYS_CREDIT_MOST_RECENT,N10,0.04643209434923525,0.046063542649019545,2.937026631374523e-06
validation,BUREAU_DAYS_CREDIT_MOST_RECENT,N11,0.04470315328498802,0.04531559949269942,8.333733435327807e-06
validation,BUREAU_DAYS_CREDIT_MOST_RECENT,N12,0.04458391597021235,0.04573834997235862,2.9511891224665728e-05
validation,BUREAU_DAYS_CREDIT_MOST_RECENT,N2,0.041662601758208406,0.042144970895255436,5.552781125880558e-06
validation,BUREAU_DAYS_CREDIT_MOST_RECENT,N3,0.04357581867256349,0.043039250756072976,6.648007417115421e-06
validation,BUREAU_DAYS_CREDIT_MOST_RECENT,N4,0.04389017159333572,0.04329940489740171,8.005787941839581e-06
validation,BUREAU_DAYS_CREDIT_MOST_RECENT,N5,0.04247016357191636,0.04113687359760658,4.25278285475265e-05
validation,BUREAU_DAYS_CREDIT_MOST_RECENT,N6,0.04255688161902594,0.04207993235992325,5.375509617333218e-06
validation,BUREAU_DAYS_CREDIT_MOST_RECENT,N7,0.09007837143507529,0.091037689831225,1.0162548646324585e-05
validation,BUREAU_DAYS_CREDIT_MOST_RECENT,N8,0.043819713180059186,0.04398230951838965,6.022093488804356e-07
validation,BUREAU_DAYS_CREDIT_MOST_RECENT,N9,0.04379803366828179,0.043006731488406884,1.4427237584950986e-05
validation,PREV_GRANTED_REQUESTED_RATIO_MEAN,MISSING,0.05644260891244729,0.05850216253129979,7.381310305996865e-05
validation,PREV_GRANTED_REQUESTED_RATIO_MEAN,N0,0.04493078815865067,0.044941627914539366,2.61482473556036e-09
validation,PREV_GRANTED_REQUESTED_RATIO_MEAN,N1,0.1854248642320575,0.18470944034340347,2.7656554474080906e-06
validation,PREV_GRANTED_REQUESTED_RATIO_MEAN,N10,0.04775996444560068,0.04764072713082501,2.9805957175509143e-07
validation,PREV_GRANTED_REQUESTED_RATIO_MEAN,N11,0.04957020367901315,0.049250430880296577,2.069507044955527e-06
validation,PREV_GRANTED_REQUESTED_RATIO_MEAN,N12,0.04881142076680433,0.048665084062306914,4.3937659045845195e-07
validation,PREV_GRANTED_REQUESTED_RATIO_MEAN,N2,0.23468613486824277,0.23761828883613542,3.640718535151754e-05
validation,PREV_GRANTED_REQUESTED_RATIO_MEAN,N3,0.04682774543917271,0.04645377386101265,2.9985680251378533e-06
validation,PREV_GRANTED_REQUESTED_RATIO_MEAN,N4,0.04728843506444235,0.04630743715651524,2.056484148259659e-05
validation,PREV_GRANTED_REQUESTED_RATIO_MEAN,N5,0.047055380312835356,0.045559494000195114,4.832637291619592e-05
validation,PREV_GRANTED_REQUESTED_RATIO_MEAN,N6,0.046849424950950104,0.04700660141133622,5.264331711310149e-07
validation,PREV_GRANTED_REQUESTED_RATIO_MEAN,N7,0.047619047619047616,0.047673246398491104,6.165258251368065e-08
validation,PREV_GRANTED_REQUESTED_RATIO_MEAN,N8,0.047835842736821566,0.04742935189099542,3.4689649497826317e-06
validation,PREV_GRANTED_REQUESTED_RATIO_MEAN,N9,0.04889813881391391,0.04824233358264772,8.854950463066587e-06
validation,APP_GOODS_CREDIT_RATIO,MISSING,0.0008726003490401396,0.0010731358329810414,4.148330477747433e-05
validation,APP_GOODS_CREDIT_RATIO,N0,0.059038730447790316,0.05962407726577997,5.774912680102168e-06
validation,APP_GOODS_CREDIT_RATIO,N1,0.14598441243103205,0.14568631914409289,6.09314744589045e-07
validation,APP_GOODS_CREDIT_RATIO,N2,0.1573661561141643,0.15950700790218203,2.8928395561339392e-05
validation,APP_GOODS_CREDIT_RATIO,N3,0.2038795486325648,0.202546258658255,8.747813257528316e-06
validation,APP_GOODS_CREDIT_RATIO,N4,0.4328585520254084,0.43156320119670905,3.882213790022732e-06
validation,OCCUPATION_TYPE,C0,0.15836341365592446,0.15901921888719067,2.7101742146180937e-06
validation,OCCUPATION_TYPE,C1,0.184189132060746,0.183847679750252,6.335763709046403e-07
validation,OCCUPATION_TYPE,C2,0.103503409103227,0.10510227309680986,2.450955412788709e-05
validation,OCCUPATION_TYPE,C3,0.17950093763888436,0.1800591850671523,1.7334538614990077e-06
validation,OCCUPATION_TYPE,C4,0.06067553358698362,0.05933140385678515,3.0110930670101956e-05
validation,OCCUPATION_TYPE,MISSING,0.31376757395423455,0.31264023934181,4.057691087070938e-06
validation,BUREAU_ACTIVE_COUNT,MISSING,0.14296554041602982,0.14193034372865923,7.523007228126919e-06
validation,BUREAU_ACTIVE_COUNT,N0,0.14984336552740832,0.15036909368801016,1.8412985397325422e-06
validation,BUREAU_ACTIVE_COUNT,N1,0.2411791486455725,0.2400409742772593,5.383994752474774e-06
validation,BUREAU_ACTIVE_COUNT,N2,0.19056290852330005,0.19161978472244806,5.845320405024538e-06
validation,BUREAU_ACTIVE_COUNT,N3,0.1242181826065277,0.12310168774999188,1.0080623373364785e-05
validation,BUREAU_ACTIVE_COUNT,N4,0.0717700237390654,0.07272934213521512,1.2737845604270133e-05
validation,BUREAU_ACTIVE_COUNT,N5,0.038996021809588846,0.03907190010080973,1.475001960020028e-07
validation,BUREAU_ACTIVE_COUNT,N6,0.040464808732507344,0.04113687359760658,1.1070394206574085e-05
validation,CC_UTILIZATION_MEAN,MISSING,0.7458781828233229,0.7492927059282625,1.5595526090350793e-05
validation,CC_UTILIZATION_MEAN,N0,0.11211559515679707,0.11092322200904035,1.2749056746288125e-05
validation,CC_UTILIZATION_MEAN,N1,0.07597042914593563,0.07433904588468668,3.541381347031656e-05
validation,CC_UTILIZATION_MEAN,N2,0.06603579287394448,0.06544502617801047,5.308875320642503e-06
validation,INST_LATE_RATE,MISSING,0.05833414631502499,0.06126630028291763,0.00014379963054391264
validation,INST_LATE_RATE,N0,0.49289454001495886,0.48912230496569215,2.8980821113702592e-05
validation,INST_LATE_RATE,N1,0.09164471616099205,0.09136288250788592,8.68054347405005e-07
validation,INST_LATE_RATE,N2,0.04747271091455021,0.04699034177750317,4.926413030343963e-06
validation,INST_LATE_RATE,N3,0.049429286852460085,0.04977073916295405,2.35060706071416e-06
validation,INST_LATE_RATE,N4,0.049911655989507114,0.050778836460602904,1.4937270531968475e-05
validation,INST_LATE_RATE,N5,0.055933140385678516,0.057754219374979675,5.8346193935108797e-05
validation,INST_LATE_RATE,N6,0.0993409428419672,0.09867971773275666,4.415905580749344e-06
validation,INST_LATE_RATE,N7,0.05503886052486098,0.05427465773470781,1.0685145407563496e-05
validation,NAME_INCOME_TYPE,C0,0.1800375055553749,0.18027056030698188,3.014893640598941e-07
validation,NAME_INCOME_TYPE,C1,0.30414187072507126,0.3049006536372801,1.8906785083739129e-06
validation,NAME_INCOME_TYPE,C2,0.5156471876253347,0.5146174108159084,2.0585791882633997e-06
validation,NAME_INCOME_TYPE,C3,0.00017343609421915818,0.00021137523982959903,7.5053396816875275e-06
validation,PREV_REFUSED_RATE,MISSING,0.05302266592956326,0.05546161100452018,0.00010968327850149572
validation,PREV_REFUSED_RATE,N0,0.64446142672867,0.6454749439042633,1.5926634832383483e-06
validation,PREV_REFUSED_RATE,N1,0.05167853619936479,0.05066501902377159,2.0074554671767587e-05
validation,PREV_REFUSED_RATE,N2,0.04368421623145047,0.04437254073038275,1.0761247234362624e-05
validation,PREV_REFUSED_RATE,N3,0.049781578918842745,0.04848622809014341,3.415220135869479e-05
validation,PREV_REFUSED_RATE,N4,0.05117448755054036,0.04965692172612273,4.568377973980499e-05
validation,PREV_REFUSED_RATE,N5,0.06971047012021289,0.06983512731293291,2.2271458385153073e-07
validation,PREV_REFUSED_RATE,N6,0.036486618321355406,0.03604760820786316,5.3142424589353365e-06
validation,PREV_ACCEPTED_RATE,MISSING,0.05302266592956326,0.05546161100452018,0.00010968327850149572
validation,PREV_ACCEPTED_RATE,N0,0.054139160786099094,0.05368931091671816,3.7534813549110712e-06
validation,PREV_ACCEPTED_RATE,N1,0.05146716095953519,0.05074631719293682,1.0167433100450713e-05
validation,PREV_ACCEPTED_RATE,N2,0.045602853023749904,0.0452343013235342,2.9906507318452115e-06
validation,PREV_ACCEPTED_RATE,N3,0.10180698730664585,0.1014113362167084,1.540608937661133e-06
validation,PREV_ACCEPTED_RATE,N4,0.05707673463193609,0.05596565965334461,2.1841847408244575e-05
validation,PREV_ACCEPTED_RATE,N5,0.08827897195755152,0.08495658677766577,0.00012745185798573205
validation,PREV_ACCEPTED_RATE,N6,0.5486054654049191,0.5525348769145719,2.8044273302561874e-05
validation,REGION_RATING_CLIENT_W_CITY,N0,0.11125383456364563,0.11009398068355501,1.2155289034354723e-05
validation,REGION_RATING_CLIENT_W_CITY,N1,0.7456234485599385,0.7486910994764397,1.2595066249625598e-05
validation,REGION_RATING_CLIENT_W_CITY,N2,0.14312271687641595,0.1412149198400052,2.5601564351551962e-05
validation,NAME_EDUCATION_TYPE,C0,0.2423823615492179,0.2451627589346688,3.171273018288965e-05
validation,NAME_EDUCATION_TYPE,C1,0.7448213066241748,0.7416669376605639,1.3387335597043608e-05
validation,NAME_EDUCATION_TYPE,C2,0.012796331826607265,0.013170303404767325,1.0772624999656422e-05
test,EXT_SOURCE_2,MISSING,0.0022384095910160102,0.0020161618132448823,2.3240449719154556e-05
test,EXT_SOURCE_2,N0,0.061109123822531516,0.06297253792497927,5.5972383670779506e-05
test,EXT_SOURCE_2,N1,0.05770002059553619,0.057671983480480624,1.3626873216058343e-08
test,EXT_SOURCE_2,N10,0.04789004151626505,0.04698957774417508,1.709238204820796e-05
test,EXT_SOURCE_2,N11,0.09316770186335403,0.09180039998048875,2.0214820537961504e-05
test,EXT_SOURCE_2,N12,0.045386057905975954,0.04542867827585646,4.0004434048615745e-08
test,EXT_SOURCE_2,N13,0.045592013267861206,0.045997756207014295,3.59490826458424e-06
test,EXT_SOURCE_2,N14,0.04427498292738447,0.04489211908362194,8.542682405917095e-06
test,EXT_SOURCE_2,N15,0.04368421623145047,0.04206298879729444,6.131259099106793e-05
test,EXT_SOURCE_2,N16,0.04292543331924165,0.04233939807814253,8.055905495828177e-06
test,EXT_SOURCE_2,N17,0.042150390773199785,0.04256702925060566,4.098071454958256e-06
test,EXT_SOURCE_2,N2,0.05634505110944901,0.056712680682243145,2.3908489405754303e-06
test,EXT_SOURCE_2,N3,0.05647512818011338,0.05573711851454401,9.707783881301241e-06
test,EXT_SOURCE_2,N4,0.05499550150130619,0.05651756824870331,4.1552637230363445e-05
test,EXT_SOURCE_2,N5,0.05388984640065906,0.05344454742045104,3.6948514334385126e-06
test,EXT_SOURCE_2,N6,0.05235602094240838,0.053005544444986424,8.008349597093789e-06
test,EXT_SOURCE_2,N7,0.05126662547559429,0.050875567045509974,2.994402982132664e-06
test,EXT_SOURCE_2,N8,0.050724637681159424,0.05126579191258963,5.742708440020548e-06
test,EXT_SOURCE_2,N9,0.09782879689549391,0.09770255109506853,1.6302249745148412e-07
test,EXT_SOURCE_3,MISSING,0.19815073764538824,0.1999252069004764,1.5819905905657972e-05
test,EXT_SOURCE_3,N0,0.04979241867473144,0.04838788351787718,4.0188378994460925e-05
test,EXT_SOURCE_3,N1,0.04732095433210844,0.05006259857242736,0.00015441211038571414
test,EXT_SOURCE_3,N10,0.03611806662113969,0.03580313155455831,2.7581501039190393e-06
test,EXT_SOURCE_3,N11,0.03969518606440983,0.03864852121034746,2.7968359931564737e-05
test,EXT_SOURCE_3,N12,0.03633486173891364,0.036160837682714664,8.354821195389552e-07
test,EXT_SOURCE_3,N13,0.03561943785025961,0.035526722273710225,2.4164854395722463e-07
test,EXT_SOURCE_3,N14,0.10425135225954711,0.10524689852527519,9.46184346667431e-06
test,EXT_SOURCE_3,N15,0.03384713776245759,0.03417719460839309,3.2029237963571025e-06
test,EXT_SOURCE_3,N2,0.04647003349484569,0.046160349901630815,2.0706874289384063e-06
test,EXT_SOURCE_3,N3,0.04548361570897423,0.044713266019543764,1.3159059662230907e-05
test,EXT_SOURCE_3,N4,0.043743834888838304,0.04268084483683723,2.6150049710112202e-05
test,EXT_SOURCE_3,N5,0.043868492081558325,0.043103588442840186,1.3454723831327982e-05
test,EXT_SOURCE_3,N6,0.04155420419932143,0.04151017023559826,4.668644424278428e-08
test,EXT_SOURCE_3,N7,0.03919655729352975,0.03905500544688877,5.121162170060498e-07
test,EXT_SOURCE_3,N8,0.07989984065558843,0.07861405134708876,2.085988030477809e-05
test,EXT_SOURCE_3,N9,0.07865326872838824,0.08022372892379233,3.104823975829349e-05
test,EXT_SOURCE_1,MISSING,0.5639003609638711,0.56307822382648,1.1995074293357044e-06
test,EXT_SOURCE_1,N0,0.07619264414165393,0.07558980862722144,4.788597913905422e-06
test,EXT_SOURCE_1,N1,0.07202475800244978,0.06986651057671983,6.5661421974292e-05
test,EXT_SOURCE_1,N2,0.04525598083531159,0.047087133960944993,7.263262432140896e-05
test,EXT_SOURCE_1,N3,0.06546670568978787,0.06469603108791441,9.126210731332063e-06
test,EXT_SOURCE_1,N4,0.04174389992737364,0.041900395102677915,5.855932783302126e-07
test,EXT_SOURCE_1,N5,0.04015045581173512,0.04268084483683723,0.0001546483383260063
test,EXT_SOURCE_1,N6,0.09526519462781698,0.09510105198120417,2.8306294413048403e-07
test,BUREAU_DEBT_CREDIT_RATIO_MEAN,MISSING,0.17097004975447952,0.17306472854982682,2.5507499541457975e-05
test,BUREAU_DEBT_CREDIT_RATIO_MEAN,N0,0.3177674438771639,0.32118758434547906,3.6614384499312596e-05
test,BUREAU_DEBT_CREDIT_RATIO_MEAN,N1,0.08219786890399228,0.08310163731850478,9.882733527224914e-06
test,BUREAU_DEBT_CREDIT_RATIO_MEAN,N10,0.044768191820320206,0.0442580036746175,5.847600070918008e-06
test,BUREAU_DEBT_CREDIT_RATIO_MEAN,N2,0.042405125036584175,0.0428596979009154,4.846980023684576e-06
test,BUREAU_DEBT_CREDIT_RATIO_MEAN,N3,0.04203115345842411,0.041575207713444876,4.973032682391287e-06
test,BUREAU_DEBT_CREDIT_RATIO_MEAN,N4,0.04168970114793015,0.04059964554574574,2.8880791284100453e-05
test,BUREAU_DEBT_CREDIT_RATIO_MEAN,N5,0.04224252869825371,0.040680942393054,5.882146707292261e-05
test,BUREAU_DEBT_CREDIT_RATIO_MEAN,N6,0.08535765774554757,0.08420727444189714,1.5609383763354393e-05
test,BUREAU_DEBT_CREDIT_RATIO_MEAN,N7,0.04328856514151301,0.0432011446596101,1.7672260148133383e-07
test,BUREAU_DEBT_CREDIT_RATIO_MEAN,N8,0.043781774034448745,0.04349381330991984,1.9002262213092718e-06
test,BUREAU_DEBT_CREDIT_RATIO_MEAN,N9,0.04349994038134261,0.0417703201469847,7.017678904178867e-05
test,DAYS_EMPLOYED,MISSING,0.18007544470098533,0.17979610750695088,4.3365074656987633e-07
test,DAYS_EMPLOYED,N0,0.039771064355630714,0.03947774905289173,2.1712441102535235e-06
test,DAYS_EMPLOYED,N1,0.03953258972607937,0.03967286148643156,4.968392205802318e-07
test,DAYS_EMPLOYED,N10,0.041369928349213575,0.040973611043363736,3.814959155240639e-06
test,DAYS_EMPLOYED,N11,0.08281573498964803,0.08373575272750923,1.0164319262617673e-05
test,DAYS_EMPLOYED,N12,0.04164634212437536,0.04289221663983871,3.6724441952445495e-05
test,DAYS_EMPLOYED,N13,0.20797155648054805,0.20719314504983496,2.9189623455919503e-06
test,DAYS_EMPLOYED,N2,0.03989572154835073,0.03762418093426337,0.00013316256085189524
test,DAYS_EMPLOYED,N3,0.040378090685397765,0.040534608067899124,6.055346554631958e-07
test,DAYS_EMPLOYED,N4,0.040378090685397765,0.042241841861372614,8.409974968945594e-05
test,DAYS_EMPLOYED,N5,0.040990536893109164,0.03912004292473538,8.73638340199352e-05
test,DAYS_EMPLOYED,N6,0.040676183972336945,0.04084353608767052,6.87116438331217e-07
test,DAYS_EMPLOYED,N7,0.0818997756170531,0.08321545290473635,2.0967700892375426e-05
test,DAYS_EMPLOYED,N8,0.04164634212437536,0.040713461131977303,2.1134197325403384e-05
test,DAYS_EMPLOYED,N9,0.04095259774749872,0.04196543258052453,2.474456807271465e-05
test,BUREAU_DAYS_CREDIT_MOST_RECENT,MISSING,0.14296554041602982,0.1449360193811684,2.6973441791327863e-05
test,BUREAU_DAYS_CREDIT_MOST_RECENT,N0,0.20376031131778913,0.20781100108937775,7.973644883734776e-05
test,BUREAU_DAYS_CREDIT_MOST_RECENT,N1,0.12570322916327925,0.12627026323919158,2.552079450413919e-06
test,BUREAU_DAYS_CREDIT_MOST_RECENT,N10,0.04643209434923525,0.04516852836447002,3.486221447921256e-05
test,BUREAU_DAYS_CREDIT_MOST_RECENT,N11,0.04470315328498802,0.044501894216542284,9.081387767270481e-07
test,BUREAU_DAYS_CREDIT_MOST_RECENT,N12,0.04458391597021235,0.045818903142936115,3.3744261963861825e-05
test,BUREAU_DAYS_CREDIT_MOST_RECENT,N2,0.041662601758208406,0.0428596979009154,3.3911405897289224e-05
test,BUREAU_DAYS_CREDIT_MOST_RECENT,N3,0.04357581867256349,0.041526429605059915,9.872377762752524e-05
test,BUREAU_DAYS_CREDIT_MOST_RECENT,N4,0.04389017159333572,0.04303855096499358,1.668679527822205e-05
test,BUREAU_DAYS_CREDIT_MOST_RECENT,N5,0.04247016357191636,0.04121750158528852,3.750323911627805e-05
test,BUREAU_DAYS_CREDIT_MOST_RECENT,N6,0.04255688161902594,0.04141261401882835,3.1188216355193906e-05
test,BUREAU_DAYS_CREDIT_MOST_RECENT,N7,0.09007837143507529,0.08880867599954474,1.8024262738672045e-05
test,BUREAU_DAYS_CREDIT_MOST_RECENT,N8,0.043819713180059186,0.04477830349739037,2.074383354274252e-05
test,BUREAU_DAYS_CREDIT_MOST_RECENT,N9,0.04379803366828179,0.04185161699429296,8.848116079053657e-05
test,PREV_GRANTED_REQUESTED_RATIO_MEAN,MISSING,0.05644260891244729,0.05620864022893192,9.718742400951014e-07
test,PREV_GRANTED_REQUESTED_RATIO_MEAN,N0,0.04493078815865067,0.045363640798009856,4.1500421410368065e-06
test,PREV_GRANTED_REQUESTED_RATIO_MEAN,N1,0.1854248642320575,0.18265775653220168,4.160494865965441e-05
test,PREV_GRANTED_REQUESTED_RATIO_MEAN,N10,0.04775996444560068,0.04806269612864413,1.9128414152230447e-06
test,PREV_GRANTED_REQUESTED_RATIO_MEAN,N11,0.04957020367901315,0.04999756109458075,3.6685664800490304e-06
test,PREV_GRANTED_REQUESTED_RATIO_MEAN,N12,0.04881142076680433,0.04915207388257484,2.3691480880233966e-06
test,PREV_GRANTED_REQUESTED_RATIO_MEAN,N2,0.23468613486824277,0.23719168170658342,2.6607836760191604e-05
test,PREV_GRANTED_REQUESTED_RATIO_MEAN,N3,0.04682774543917271,0.04750987756694795,9.864830901214886e-06
test,PREV_GRANTED_REQUESTED_RATIO_MEAN,N4,0.04728843506444235,0.047477358828024646,7.532725525741646e-07
test,PREV_GRANTED_REQUESTED_RATIO_MEAN,N5,0.047055380312835356,0.04638798107409395,9.53367497663037e-06
test,PREV_GRANTED_REQUESTED_RATIO_MEAN,N6,0.046849424950950104,0.04503845340877681,7.139228181715587e-05
test,PREV_GRANTED_REQUESTED_RATIO_MEAN,N7,0.047619047619047616,0.04924963009934475,5.490010706074501e-05
test,PREV_GRANTED_REQUESTED_RATIO_MEAN,N8,0.047835842736821566,0.04682698404955856,2.150441565682019e-05
test,PREV_GRANTED_REQUESTED_RATIO_MEAN,N9,0.04889813881391391,0.048875664601726744,1.0331810867212516e-08
test,APP_GOODS_CREDIT_RATIO,MISSING,0.0008726003490401396,0.0008292278425442661,2.211247621107574e-06
test,APP_GOODS_CREDIT_RATIO,N0,0.059038730447790316,0.060322260702729946,2.7605558642697996e-05
test,APP_GOODS_CREDIT_RATIO,N1,0.14598441243103205,0.1449685381200917,7.093963524779629e-06
test,APP_GOODS_CREDIT_RATIO,N2,0.1573661561141643,0.156691543501943,2.898211870579575e-06
test,APP_GOODS_CREDIT_RATIO,N3,0.2038795486325648,0.20532331756174496,1.0187990078564953e-05
test,APP_GOODS_CREDIT_RATIO,N4,0.4328585520254084,0.43186511227094615,2.282632060844173e-06
test,OCCUPATION_TYPE,C0,0.15836341365592446,0.15875648342357285,9.744195983065426e-07
test,OCCUPATION_TYPE,C1,0.184189132060746,0.1816984537339642,3.3909728509669484e-05
test,OCCUPATION_TYPE,C2,0.103503409103227,0.10635253564866755,7.736755693982096e-05
test,OCCUPATION_TYPE,C3,0.17950093763888436,0.17873924849194348,3.2390069751652284e-06
test,OCCUPATION_TYPE,C4,0.06067553358698362,0.06111896980635091,3.228988895747786e-06
test,OCCUPATION_TYPE,MISSING,0.31376757395423455,0.313334308895501,5.98686261744547e-07
test,BUREAU_ACTIVE_COUNT,MISSING,0.14296554041602982,0.1449360193811684,2.6973441791327863e-05
test,BUREAU_ACTIVE_COUNT,N0,0.14984336552740832,0.15366730078207566,9.636072948621294e-05
test,BUREAU_ACTIVE_COUNT,N1,0.2411791486455725,0.24124026470253485,1.548516637291e-08
test,BUREAU_ACTIVE_COUNT,N2,0.19056290852330005,0.18600718664130206,0.00011023506523867029
test,BUREAU_ACTIVE_COUNT,N3,0.1242181826065277,0.12223793961270182,3.182267633808212e-05
test,BUREAU_ACTIVE_COUNT,N4,0.0717700237390654,0.0703542916605694,2.8205780399766993e-05
test,BUREAU_ACTIVE_COUNT,N5,0.038996021809588846,0.03985171455050973,1.8573489825296816e-05
test,BUREAU_ACTIVE_COUNT,N6,0.040464808732507344,0.04170528266913809,3.74562684249327e-05
test,CC_UTILIZATION_MEAN,MISSING,0.7458781828233229,0.7458985740532982,5.574590943533786e-10
test,CC_UTILIZATION_MEAN,N0,0.11211559515679707,0.11173438694047445,1.2983681598749414e-06
test,CC_UTILIZATION_MEAN,N1,0.07597042914593563,0.0756711054745297,1.1816653906758475e-06
test,CC_UTILIZATION_MEAN,N2,0.06603579287394448,0.06669593353169764,6.566467460672376e-06
test,INST_LATE_RATE,MISSING,0.05833414631502499,0.058241061411638456,1.486559835320494e-07
test,INST_LATE_RATE,N0,0.49289454001495886,0.49150447945628667,3.925785383511781e-06
test,INST_LATE_RATE,N1,0.09164471616099205,0.09381656179373364,5.0869153299681404e-05
test,INST_LATE_RATE,N2,0.04747271091455021,0.047314765133408127,5.263752957658983e-07
test,INST_LATE_RATE,N3,0.049429286852460085,0.049818708030502576,3.0559737218668187e-06
test,INST_LATE_RATE,N4,0.049911655989507114,0.049867486138887536,3.9105885049292976e-08
test,INST_LATE_RATE,N5,0.055933140385678516,0.05685901500739801,1.5200756955502538e-05
test,INST_LATE_RATE,N6,0.0993409428419672,0.09731232622798888,4.185469552135709e-05
test,INST_LATE_RATE,N7,0.05503886052486098,0.05526559680015609,9.321366006044748e-07
test,NAME_INCOME_TYPE,C0,0.1800375055553749,0.17977984813748923,3.690058617644554e-07
test,NAME_INCOME_TYPE,C1,0.30414187072507126,0.3000178853064078,5.630139947821061e-05
test,NAME_INCOME_TYPE,C2,0.5156471876253347,0.5200396728614864,3.7258447448608636e-05
test,NAME_INCOME_TYPE,C3,0.00017343609421915818,0.00016259369461652277,6.999287279508705e-07
test,PREV_REFUSED_RATE,MISSING,0.05302266592956326,0.053005544444986424,5.529570585552555e-09
test,PREV_REFUSED_RATE,N0,0.64446142672867,0.6452530770856706,9.718590658548915e-07
test,PREV_REFUSED_RATE,N1,0.05167853619936479,0.05072923272035511,1.760028401722019e-05
test,PREV_REFUSED_RATE,N2,0.04368421623145047,0.04409540998000098,3.852409560115137e-06
test,PREV_REFUSED_RATE,N3,0.049781578918842745,0.050452823439507015,8.990445028363717e-06
test,PREV_REFUSED_RATE,N4,0.05117448755054036,0.052029982277287286,1.4183261488154266e-05
test,PREV_REFUSED_RATE,N5,0.06971047012021289,0.0685169829114027,2.061019116692376e-05
test,PREV_REFUSED_RATE,N6,0.036486618321355406,0.03591694714078988,8.964529544007657e-06
test,PREV_ACCEPTED_RATE,MISSING,0.05302266592956326,0.053005544444986424,5.529570585552555e-09
test,PREV_ACCEPTED_RATE,N0,0.054139160786099094,0.052745394533599985,3.6351266605886156e-05
test,PREV_ACCEPTED_RATE,N1,0.05146716095953519,0.05277791327252329,3.29639014461428e-05
test,PREV_ACCEPTED_RATE,N2,0.045602853023749904,0.04505471277823846,6.628490131832352e-06
test,PREV_ACCEPTED_RATE,N3,0.10180698730664585,0.1006780157065509,1.2589476383296818e-05
test,PREV_ACCEPTED_RATE,N4,0.05707673463193609,0.05614360275108531,1.538159739187627e-05
test,PREV_ACCEPTED_RATE,N5,0.08827897195755152,0.08962164447262735,2.026753757098468e-05
test,PREV_ACCEPTED_RATE,N6,0.5486054654049191,0.5499731720403883,3.4055321001459847e-06
test,REGION_RATING_CLIENT_W_CITY,N0,0.11125383456364563,0.11168560883208949,1.672465393701405e-06
test,REGION_RATING_CLIENT_W_CITY,N1,0.7456234485599385,0.7457522397281433,2.2244113510860182e-08
test,REGION_RATING_CLIENT_W_CITY,N2,0.14312271687641595,0.14256215143976717,2.1998645843646453e-06
test,NAME_EDUCATION_TYPE,C0,0.2423823615492179,0.2449311415703299,2.6661846192080037e-05
test,NAME_EDUCATION_TYPE,C1,0.7448213066241748,0.7419150285351934,1.1362422360256851e-05
test,NAME_EDUCATION_TYPE,C2,0.012796331826607265,0.013153829894476693,9.850648028634228e-06
application_test_unlabeled,EXT_SOURCE_2,MISSING,0.0022384095910160102,0.00016412276382734285,0.00541991687182522
application_test_unlabeled,EXT_SOURCE_2,N0,0.061109123822531516,0.051165271623174136,0.001766029819185063
application_test_unlabeled,EXT_SOURCE_2,N1,0.05770002059553619,0.05071393402264894,0.00090160215104453
application_test_unlabeled,EXT_SOURCE_2,N10,0.04789004151626505,0.04954455933037912,5.619548557539714e-05
application_test_unlabeled,EXT_SOURCE_2,N11,0.09316770186335403,0.08887247661250615,0.00020272870410787436
application_test_unlabeled,EXT_SOURCE_2,N12,0.045386057905975954,0.04375923190546529,5.938298471143685e-05
application_test_unlabeled,EXT_SOURCE_2,N13,0.045592013267861206,0.04267191859510914,0.00019328542841639613
application_test_unlabeled,EXT_SOURCE_2,N14,0.04427498292738447,0.03957410142786805,0.0005276499649184167
application_test_unlabeled,EXT_SOURCE_2,N15,0.04368421623145047,0.04156408993927458,0.00010547687743696036
application_test_unlabeled,EXT_SOURCE_2,N16,0.04292543331924165,0.039799770228130645,0.00023631063948095863
application_test_unlabeled,EXT_SOURCE_2,N17,0.042150390773199785,0.04240521910388971,1.5359755507228827e-06
application_test_unlabeled,EXT_SOURCE_2,N2,0.05634505110944901,0.052150008206138194,0.00032457077852480164
application_test_unlabeled,EXT_SOURCE_2,N3,0.05647512818011338,0.05988429345150172,0.00019982456052155745
application_test_unlabeled,EXT_SOURCE_2,N4,0.05499550150130619,0.06084851468898736,0.0005919504514910489
application_test_unlabeled,EXT_SOURCE_2,N5,0.05388984640065906,0.06349499425570326,0.0015754266544940612
application_test_unlabeled,EXT_SOURCE_2,N6,0.05235602094240838,0.05945347119645495,0.0009022780269125421
application_test_unlabeled,EXT_SOURCE_2,N7,0.05126662547559429,0.05764812079435418,0.0007486622540963158
application_test_unlabeled,EXT_SOURCE_2,N8,0.050724637681159424,0.05826358115870671,0.0010446372864433917
application_test_unlabeled,EXT_SOURCE_2,N9,0.09782879689549391,0.09802232069588052,3.8244840229210467e-07
application_test_unlabeled,EXT_SOURCE_3,MISSING,0.19815073764538824,0.177827014606926,0.0021993681205273495
application_test_unlabeled,EXT_SOURCE_3,N0,0.04979241867473144,0.048477761365501394,3.51770385979604e-05
application_test_unlabeled,EXT_SOURCE_3,N1,0.04732095433210844,0.054447726899720994,0.0009997999245915
application_test_unlabeled,EXT_SOURCE_3,N10,0.03611806662113969,0.03709174462497949,2.5901030029826758e-05
application_test_unlabeled,EXT_SOURCE_3,N11,0.03969518606440983,0.03877400295420975,2.162931255872004e-05
application_test_unlabeled,EXT_SOURCE_3,N12,0.03633486173891364,0.03588133924175283,5.696377175485702e-06
application_test_unlabeled,EXT_SOURCE_3,N13,0.03561943785025961,0.03409650418513048,6.654707407433824e-05
application_test_unlabeled,EXT_SOURCE_3,N14,0.10425135225954711,0.0967298539307402,0.0005632304773870582
application_test_unlabeled,EXT_SOURCE_3,N15,0.03384713776245759,0.025623666502543902,0.0022889048897769917
application_test_unlabeled,EXT_SOURCE_3,N2,0.04647003349484569,0.05009847365829641,0.00027279657357132846
application_test_unlabeled,EXT_SOURCE_3,N3,0.04548361570897423,0.04855982274741507,0.00020132030786042124
application_test_unlabeled,EXT_SOURCE_3,N4,0.043743834888838304,0.04892909896602659,0.0005808616007955764
application_test_unlabeled,EXT_SOURCE_3,N5,0.043868492081558325,0.04851879205645823,0.0004685402569926262
application_test_unlabeled,EXT_SOURCE_3,N6,0.04155420419932143,0.04535942885278188,0.00033341137782389054
application_test_unlabeled,EXT_SOURCE_3,N7,0.03919655729352975,0.04373871655998687,0.0004980239333307415
application_test_unlabeled,EXT_SOURCE_3,N8,0.07989984065558843,0.08372312489742327,0.00017870552037485112
application_test_unlabeled,EXT_SOURCE_3,N9,0.07865326872838824,0.08212292795010669,0.000149778446944331
application_test_unlabeled,EXT_SOURCE_1,MISSING,0.5639003609638711,0.42122107336287545,0.04162236756436813
application_test_unlabeled,EXT_SOURCE_1,N0,0.07619264414165393,0.0946783193828984,0.004015460400674616
application_test_unlabeled,EXT_SOURCE_1,N1,0.07202475800244978,0.09254472345314295,0.005143988101033212
application_test_unlabeled,EXT_SOURCE_1,N2,0.04525598083531159,0.06378220909240112,0.0063570800071175845
application_test_unlabeled,EXT_SOURCE_1,N3,0.06546670568978787,0.09289348432627606,0.009596953579866252
application_test_unlabeled,EXT_SOURCE_1,N4,0.04174389992737364,0.06025356967011324,0.0067932058900138275
application_test_unlabeled,EXT_SOURCE_1,N5,0.04015045581173512,0.05625307730182176,0.00543023799856289
application_test_unlabeled,EXT_SOURCE_1,N6,0.09526519462781698,0.11837354341047103,0.005018687864064947
application_test_unlabeled,BUREAU_DEBT_CREDIT_RATIO_MEAN,MISSING,0.17097004975447952,0.15690136221893977,0.001208092995318392
application_test_unlabeled,BUREAU_DEBT_CREDIT_RATIO_MEAN,N0,0.3177674438771639,0.31876743804365665,3.1419775540672127e-06
application_test_unlabeled,BUREAU_DEBT_CREDIT_RATIO_MEAN,N1,0.08219786890399228,0.09121122599704579,0.0009378272372537158
application_test_unlabeled,BUREAU_DEBT_CREDIT_RATIO_MEAN,N10,0.044768191820320206,0.039471524700475956,0.0006669476634605233
application_test_unlabeled,BUREAU_DEBT_CREDIT_RATIO_MEAN,N2,0.042405125036584175,0.04576973576235024,0.00025690099292121087
application_test_unlabeled,BUREAU_DEBT_CREDIT_RATIO_MEAN,N3,0.04203115345842411,0.045667159034958146,0.0003016732980321077
application_test_unlabeled,BUREAU_DEBT_CREDIT_RATIO_MEAN,N4,0.04168970114793015,0.04521582143443296,0.00028629605132767265
application_test_unlabeled,BUREAU_DEBT_CREDIT_RATIO_MEAN,N5,0.04224252869825371,0.0450311833251272,0.00017827230411360823
application_test_unlabeled,BUREAU_DEBT_CREDIT_RATIO_MEAN,N6,0.08535765774554757,0.08768258657475791,6.247817519840595e-05
application_test_unlabeled,BUREAU_DEBT_CREDIT_RATIO_MEAN,N7,0.04328856514151301,0.04269243394058756,8.26643344427113e-06
application_test_unlabeled,BUREAU_DEBT_CREDIT_RATIO_MEAN,N8,0.043781774034448745,0.041851304775972424,8.705381422332366e-05
application_test_unlabeled,BUREAU_DEBT_CREDIT_RATIO_MEAN,N9,0.04349994038134261,0.03973822419169539,0.00034023224677298263
application_test_unlabeled,DAYS_EMPLOYED,MISSING,0.18007544470098533,0.1902593139668472,0.0005602355425675549
application_test_unlabeled,DAYS_EMPLOYED,N0,0.039771064355630714,0.03996389299195798,9.326638331089687e-07
application_test_unlabeled,DAYS_EMPLOYED,N1,0.03953258972607937,0.04199491219432135,0.00014878111886888502
application_test_unlabeled,DAYS_EMPLOYED,N10,0.041369928349213575,0.04107172164779255,2.157347035650556e-06
application_test_unlabeled,DAYS_EMPLOYED,N11,0.08281573498964803,0.08567208271787297,9.685571565999412e-05
application_test_unlabeled,DAYS_EMPLOYED,N12,0.04164634212437536,0.03953307073691121,0.00011005068937726663
application_test_unlabeled,DAYS_EMPLOYED,N13,0.20797155648054805,0.17973494173641885,0.004120233256929508
application_test_unlabeled,DAYS_EMPLOYED,N2,0.03989572154835073,0.04006646971935007,7.292191909895856e-07
application_test_unlabeled,DAYS_EMPLOYED,N3,0.040378090685397765,0.04349253241424585,0.0002314090208093224
application_test_unlabeled,DAYS_EMPLOYED,N4,0.040378090685397765,0.047123748563925816,0.0010421350778013563
application_test_unlabeled,DAYS_EMPLOYED,N5,0.040990536893109164,0.045810766453307075,0.0005359030304602167
application_test_unlabeled,DAYS_EMPLOYED,N6,0.040676183972336945,0.04131790579353356,1.0044999717493937e-05
application_test_unlabeled,DAYS_EMPLOYED,N7,0.0818997756170531,0.08017397012965698,3.6755085085201596e-05
application_test_unlabeled,DAYS_EMPLOYED,N8,0.04164634212437536,0.04437469226981782,0.00017312956584423234
application_test_unlabeled,DAYS_EMPLOYED,N9,0.04095259774749872,0.0394099786640407,5.923070394446256e-05
application_test_unlabeled,BUREAU_DAYS_CREDIT_MOST_RECENT,MISSING,0.14296554041602982,0.1317905793533563,0.0009095242970486873
application_test_unlabeled,BUREAU_DAYS_CREDIT_MOST_RECENT,N0,0.20376031131778913,0.2128877400295421,0.0003999696410509046
application_test_unlabeled,BUREAU_DAYS_CREDIT_MOST_RECENT,N1,0.12570322916327925,0.14221237485639257,0.0020371911552310626
application_test_unlabeled,BUREAU_DAYS_CREDIT_MOST_RECENT,N10,0.04643209434923525,0.031716724109634005,0.0056087161670658825
application_test_unlabeled,BUREAU_DAYS_CREDIT_MOST_RECENT,N11,0.04470315328498802,0.03493763334974561,0.0024070002238430555
application_test_unlabeled,BUREAU_DAYS_CREDIT_MOST_RECENT,N12,0.04458391597021235,0.043328409650418516,3.586307804932869e-05
application_test_unlabeled,BUREAU_DAYS_CREDIT_MOST_RECENT,N2,0.041662601758208406,0.04564664368947973,0.00036384739262227854
application_test_unlabeled,BUREAU_DAYS_CREDIT_MOST_RECENT,N3,0.04357581867256349,0.051698670605613,0.0013884365519740293
application_test_unlabeled,BUREAU_DAYS_CREDIT_MOST_RECENT,N4,0.04389017159333572,0.05389381257180371,0.002054000219105572
application_test_unlabeled,BUREAU_DAYS_CREDIT_MOST_RECENT,N5,0.04247016357191636,0.051349909732479895,0.0016859208840532736
application_test_unlabeled,BUREAU_DAYS_CREDIT_MOST_RECENT,N6,0.04255688161902594,0.05290907598883965,0.0022540176578702774
application_test_unlabeled,BUREAU_DAYS_CREDIT_MOST_RECENT,N7,0.09007837143507529,0.09837108156901363,0.0007303123555849798
application_test_unlabeled,BUREAU_DAYS_CREDIT_MOST_RECENT,N8,0.043819713180059186,0.024351715082881996,0.011437088861779595
application_test_unlabeled,BUREAU_DAYS_CREDIT_MOST_RECENT,N9,0.04379803366828179,0.02490562941079928,0.010664668955791538
application_test_unlabeled,PREV_GRANTED_REQUESTED_RATIO_MEAN,MISSING,0.05644260891244729,0.021212867224684063,0.0344764032766489
application_test_unlabeled,PREV_GRANTED_REQUESTED_RATIO_MEAN,N0,0.04493078815865067,0.04564664368947973,1.131539723238272e-05
application_test_unlabeled,PREV_GRANTED_REQUESTED_RATIO_MEAN,N1,0.1854248642320575,0.17698588544231084,0.0003930856850972501
application_test_unlabeled,PREV_GRANTED_REQUESTED_RATIO_MEAN,N10,0.04775996444560068,0.04933940587559495,5.138767175072915e-05
application_test_unlabeled,PREV_GRANTED_REQUESTED_RATIO_MEAN,N11,0.04957020367901315,0.05272443787953389,0.0001945820078122172
application_test_unlabeled,PREV_GRANTED_REQUESTED_RATIO_MEAN,N12,0.04881142076680433,0.04851879205645823,1.7596143613573295e-06
application_test_unlabeled,PREV_GRANTED_REQUESTED_RATIO_MEAN,N2,0.23468613486824277,0.24062448711636303,0.00014839080280711018
application_test_unlabeled,PREV_GRANTED_REQUESTED_RATIO_MEAN,N3,0.04682774543917271,0.05126784835056623,0.0004022197733235254
application_test_unlabeled,PREV_GRANTED_REQUESTED_RATIO_MEAN,N4,0.04728843506444235,0.052478253733792876,0.0005404319344970598
application_test_unlabeled,PREV_GRANTED_REQUESTED_RATIO_MEAN,N5,0.047055380312835356,0.050221565731166914,0.00020617983543098139
application_test_unlabeled,PREV_GRANTED_REQUESTED_RATIO_MEAN,N6,0.046849424950950104,0.05180124733300509,0.0004975368020848158
application_test_unlabeled,PREV_GRANTED_REQUESTED_RATIO_MEAN,N7,0.047619047619047616,0.05348350566223535,0.0006811008531948769
application_test_unlabeled,PREV_GRANTED_REQUESTED_RATIO_MEAN,N8,0.047835842736821566,0.052150008206138194,0.0003725244446615302
application_test_unlabeled,PREV_GRANTED_REQUESTED_RATIO_MEAN,N9,0.04889813881391391,0.053545051698670604,0.00042186558412547705
application_test_unlabeled,APP_GOODS_CREDIT_RATIO,MISSING,0.0008726003490401396,1e-06,0.005902022292574554
application_test_unlabeled,APP_GOODS_CREDIT_RATIO,N0,0.059038730447790316,0.03709174462497949,0.010200942523855883
application_test_unlabeled,APP_GOODS_CREDIT_RATIO,N1,0.14598441243103205,0.23227474150664698,0.040075045217988096
application_test_unlabeled,APP_GOODS_CREDIT_RATIO,N2,0.1573661561141643,0.16516904644674216,0.0003776144701038908
application_test_unlabeled,APP_GOODS_CREDIT_RATIO,N3,0.2038795486325648,0.16951829968816676,0.006342003757502468
application_test_unlabeled,APP_GOODS_CREDIT_RATIO,N4,0.4328585520254084,0.39594616773346464,0.00329010206262075
application_test_unlabeled,OCCUPATION_TYPE,C0,0.15836341365592446,0.16090185458723125,4.036654650719337e-05
application_test_unlabeled,OCCUPATION_TYPE,C1,0.184189132060746,0.18045297882816347,7.656454955650758e-05
application_test_unlabeled,OCCUPATION_TYPE,C2,0.103503409103227,0.10405383226653536,2.9193524342958305e-06
application_test_unlabeled,OCCUPATION_TYPE,C3,0.17950093763888436,0.17756031511570655,2.1094715993919303e-05
application_test_unlabeled,OCCUPATION_TYPE,C4,0.06067553358698362,0.056889053011652715,0.0002439917702718101
application_test_unlabeled,OCCUPATION_TYPE,MISSING,0.31376757395423455,0.32014196619071067,0.0001282020334090681
application_test_unlabeled,BUREAU_ACTIVE_COUNT,MISSING,0.14296554041602982,0.1317905793533563,0.0009095242970486873
application_test_unlabeled,BUREAU_ACTIVE_COUNT,N0,0.14984336552740832,0.1570449696372887,0.000338055370078787
application_test_unlabeled,BUREAU_ACTIVE_COUNT,N1,0.2411791486455725,0.23356720827178729,0.00024411604798376405
application_test_unlabeled,BUREAU_ACTIVE_COUNT,N2,0.19056290852330005,0.18722304283604135,5.905456985608414e-05
application_test_unlabeled,BUREAU_ACTIVE_COUNT,N3,0.1242181826065277,0.12514360741834893,6.868855200386765e-06
application_test_unlabeled,BUREAU_ACTIVE_COUNT,N4,0.0717700237390654,0.07769161332676842,0.00046946612585219095
application_test_unlabeled,BUREAU_ACTIVE_COUNT,N5,0.038996021809588846,0.042938618086328574,0.00037971922795051544
application_test_unlabeled,BUREAU_ACTIVE_COUNT,N6,0.040464808732507344,0.04460036107008042,0.0004024276143230721
application_test_unlabeled,CC_UTILIZATION_MEAN,MISSING,0.7458781828233229,0.7022607910717217,0.002628273272641125
application_test_unlabeled,CC_UTILIZATION_MEAN,N0,0.11211559515679707,0.15193664861316264,0.012102940597263712
application_test_unlabeled,CC_UTILIZATION_MEAN,N1,0.07597042914593563,0.07949696372886919,0.00016001528812494838
application_test_unlabeled,CC_UTILIZATION_MEAN,N2,0.06603579287394448,0.06630559658624652,1.1000964145814434e-06
application_test_unlabeled,INST_LATE_RATE,MISSING,0.05833414631502499,0.024946660101756113,0.02836092245139435
application_test_unlabeled,INST_LATE_RATE,N0,0.49289454001495886,0.529849827671098,0.002671807651600005
application_test_unlabeled,INST_LATE_RATE,N1,0.09164471616099205,0.10292548826522238,0.0013095396120854604
application_test_unlabeled,INST_LATE_RATE,N2,0.04747271091455021,0.051821762678483506,0.00038121678941433287
application_test_unlabeled,INST_LATE_RATE,N3,0.049429286852460085,0.05071393402264894,3.296097073620513e-05
application_test_unlabeled,INST_LATE_RATE,N4,0.049911655989507114,0.050980633513868376,2.2652984009677488e-05
application_test_unlabeled,INST_LATE_RATE,N5,0.055933140385678516,0.05469391104546201,2.7764521901378004e-05
application_test_unlabeled,INST_LATE_RATE,N6,0.0993409428419672,0.09104710323321845,0.0007230636563323617
application_test_unlabeled,INST_LATE_RATE,N7,0.05503886052486098,0.04302067946824224,0.002960781932541229
application_test_unlabeled,NAME_INCOME_TYPE,C0,0.1800375055553749,0.19023879862136878,0.0005622434968500042
application_test_unlabeled,NAME_INCOME_TYPE,C1,0.30414187072507126,0.30637616937469225,1.6353694452029675e-05
application_test_unlabeled,NAME_INCOME_TYPE,C2,0.5156471876253347,0.5033029706220252,0.00029910618786285607
application_test_unlabeled,NAME_INCOME_TYPE,C3,0.00017343609421915818,8.206138191367142e-05,6.837950492572367e-05
application_test_unlabeled,PREV_REFUSED_RATE,MISSING,0.05302266592956326,0.019366486131626455,0.03389767729219621
application_test_unlabeled,PREV_REFUSED_RATE,N0,0.64446142672867,0.6450845232233711,6.021487980919519e-07
application_test_unlabeled,PREV_REFUSED_RATE,N1,0.05167853619936479,0.06281798785491548,0.002174409027396186
application_test_unlabeled,PREV_REFUSED_RATE,N2,0.04368421623145047,0.05315526013458067,0.0018585049851007303
application_test_unlabeled,PREV_REFUSED_RATE,N3,0.049781578918842745,0.05535040210077138,0.0005905119371276527
application_test_unlabeled,PREV_REFUSED_RATE,N4,0.05117448755054036,0.05748399803052683,0.0007335783662396695
application_test_unlabeled,PREV_REFUSED_RATE,N5,0.06971047012021289,0.07289102248481864,0.00014190021543397646
application_test_unlabeled,PREV_REFUSED_RATE,N6,0.036486618321355406,0.03385032003938946,0.0001977147735605495
application_test_unlabeled,PREV_ACCEPTED_RATE,MISSING,0.05302266592956326,0.019366486131626455,0.03389767729219621
application_test_unlabeled,PREV_ACCEPTED_RATE,N0,0.054139160786099094,0.06620301985885442,0.002426865971048347
application_test_unlabeled,PREV_ACCEPTED_RATE,N1,0.05146716095953519,0.06335138683735433,0.0024689817389497806
application_test_unlabeled,PREV_ACCEPTED_RATE,N2,0.045602853023749904,0.05920728705071394,0.003551768709680308
application_test_unlabeled,PREV_ACCEPTED_RATE,N3,0.10180698730664585,0.11065977351058592,0.0007381599331992968
application_test_unlabeled,PREV_ACCEPTED_RATE,N4,0.05707673463193609,0.06706466436894798,0.0016106606375688903
application_test_unlabeled,PREV_ACCEPTED_RATE,N5,0.08827897195755152,0.09752995240439849,0.0009219304988101629
application_test_unlabeled,PREV_ACCEPTED_RATE,N6,0.5486054654049191,0.5166174298375185,0.0019217426952368168
application_test_unlabeled,REGION_RATING_CLIENT_W_CITY,N0,0.11125383456364563,0.12670277367470867,0.0020088192234631284
application_test_unlabeled,REGION_RATING_CLIENT_W_CITY,N1,0.7456234485599385,0.7339569998358773,0.00018398302948644123
application_test_unlabeled,REGION_RATING_CLIENT_W_CITY,N2,0.14312271687641595,0.13934022648941408,0.00010130949318985244
application_test_unlabeled,NAME_EDUCATION_TYPE,C0,0.2423823615492179,0.2567700640078779,0.0008296597573585122
application_test_unlabeled,NAME_EDUCATION_TYPE,C1,0.7448213066241748,0.7326440177252584,0.00020073530032409923
application_test_unlabeled,NAME_EDUCATION_TYPE,C2,0.012796331826607265,0.010585918266863614,0.00041916934676122076
