feature,kind,bin,count,bad,good,bad_rate,bad_distribution,good_distribution,woe,iv_contribution,lower_bound,upper_bound,categories
EXT_SOURCE_2,numeric,N0,11275.0,2312.5148305193675,8962.485169480633,0.20510109361590842,0.1441034199069834,0.053201023128627394,-0.9964536076929582,0.09058002121772957,-inf,0.1572733295432992,
EXT_SOURCE_2,numeric,N1,10646.0,1570.6299038561515,9075.370096143848,0.1475323975066834,0.09788315633625405,0.05387106703483985,-0.5971809409678115,0.026283180902977883,0.1572733295432992,0.2467856705956364,
EXT_SOURCE_2,numeric,N2,10396.0,1348.2111860926984,9047.788813907302,0.12968557003585018,0.08402622059242104,0.053707354565563414,-0.4475789513791281,0.01357008626330521,0.2467856705956364,0.311002027845913,
EXT_SOURCE_2,numeric,N3,10420.0,1287.6813399915477,9132.318660008452,0.12357786372279729,0.08025514324586523,0.05420909301681059,-0.3923621880356015,0.010219485257557061,0.311002027845913,0.3740640622687354,
EXT_SOURCE_2,numeric,N4,10147.0,1142.4111798307586,9004.588820169241,0.11258610227956624,0.07120464922680855,0.05345093510011112,-0.28679398224032904,0.005091658373951943,0.3740640622687354,0.4288177160311384,
EXT_SOURCE_2,numeric,N5,9943.0,965.260299764141,8977.73970023586,0.09707938245641567,0.06016795057693464,0.05329156848022393,-0.12136169931198237,0.000834529416375304,0.4288177160311384,0.4733563482855031,
EXT_SOURCE_2,numeric,N6,9660.0,904.5858751851807,8755.414124814819,0.09364243014339345,0.05638786582894655,0.05197192464991448,-0.08155032828153999,0.00036012145282203635,0.4733563482855031,0.508516296415374,
EXT_SOURCE_2,numeric,N7,9459.0,814.889344949431,8644.110655050568,0.08614962944808446,0.05079967132616451,0.051311267697207785,0.01002048667299354,5.126444617991001e-06,0.508516296415374,0.5385814547552851,
EXT_SOURCE_2,numeric,N8,9359.0,794.2227040920488,8564.777295907952,0.08486191944567249,0.04951211640596132,0.05084037370432365,0.02647338139076687,3.5163462044615515e-05,0.5385814547552851,0.5642287747382214,
EXT_SOURCE_2,numeric,N9,18050.0,1305.9271770450914,16744.07282295491,0.07235053612438179,0.08139187937214888,0.09938969988105308,0.19977297934724952,0.0035954782248208217,0.5642287747382214,0.6061061902538124,
EXT_SOURCE_2,numeric,N10,8836.0,580.2378681001751,8255.762131899824,0.06566748167724933,0.036180620962095095,0.049006171976145894,0.303422605924058,0.0038915621110952384,0.6061061902538124,0.6247282979454978,
EXT_SOURCE_2,numeric,N11,17190.0,1003.979094365449,16186.02090563455,0.058404833878152936,0.06258017493585571,0.09607730647651778,0.42870460957188816,0.014360374698917714,0.6247282979454978,0.6586061749709047,
EXT_SOURCE_2,numeric,N12,8374.0,452.2671259015387,7921.732874098461,0.0540084936591281,0.028207900097733992,0.04702349567646411,0.5110453007871384,0.009615621702021286,0.6586061749709047,0.6751487463200013,
EXT_SOURCE_2,numeric,N13,8412.0,420.484627736679,7991.515372263321,0.049986284799890514,0.0262278147916163,0.04743769922903534,0.5925967740678141,0.012568909095965657,0.6751487463200013,0.6920517787017804,
EXT_SOURCE_2,numeric,N14,8169.0,360.99216110569853,7808.007838894301,0.04419049591206984,0.022521367350334064,0.04634846519121886,0.7217236594221086,0.017196580247131995,0.6920517787017804,0.7094838193523384,
EXT_SOURCE_2,numeric,N15,8060.0,306.92903858737486,7753.070961412625,0.03808052587932691,0.019153174140785403,0.04602237984864024,0.8766593432576265,0.02355514022970209,0.7094838193523384,0.7291434219375909,
EXT_SOURCE_2,numeric,N16,7920.0,237.92395778019974,7682.0760422198,0.03004090376012623,0.014854080160035237,0.045600979805398685,1.1216546174888924,0.0344874019606895,0.7291434219375909,0.7529064505342501,
EXT_SOURCE_2,numeric,N17,7777.0,196.77677353056066,7580.223226469439,0.02530240112261292,0.012290564400568901,0.04499641850087912,1.2977510516487731,0.04244405655374892,0.7529064505342501,inf,
EXT_SOURCE_2,numeric,MISSING,413.0,35.650718610850575,377.34928138914944,0.08632135256864545,0.002252230342487196,0.0022427760370247497,-0.004206587757915518,3.977036561792107e-08,,,
EXT_SOURCE_3,numeric,N0,9187.0,1904.0179357715854,7282.982064228415,0.2072513264146713,0.1186609976092589,0.04323235958050504,-1.0096813888821559,0.07615889200636158,-inf,0.1735274304649146,
EXT_SOURCE_3,numeric,N1,8731.0,1433.3670981781793,7297.632901821821,0.16416986578607023,0.08933709528967221,0.04331932214503231,-0.7238180280188742,0.03330849381137316,0.1735274304649146,0.2525986978339766,
EXT_SOURCE_3,numeric,N2,8574.0,1163.4963098115225,7410.503690188478,0.13570052598688156,0.0725227947405881,0.04398928610811641,-0.49995481593399127,0.014265465056298339,0.2525986978339766,0.3108182544189319,
EXT_SOURCE_3,numeric,N3,8392.0,969.3805014456578,7422.6194985543425,0.11551245250782387,0.060428408523590174,0.04406120157097641,-0.31587972191465136,0.005170068780711183,0.3108182544189319,0.3589512285783967,
EXT_SOURCE_3,numeric,N4,8071.0,900.4722320693619,7170.527767930638,0.11156885541684573,0.05613507852436066,0.042564867777676915,-0.27673168978964763,0.0037553073507314277,0.3589512285783967,0.3996756156233169,
EXT_SOURCE_3,numeric,N5,8094.0,751.4585983312545,7342.5414016687455,0.09284143789612732,0.04685078347802342,0.04358588426415095,-0.0722343891359203,0.00023583800030442428,0.3996756156233169,0.4382813743111921,
EXT_SOURCE_3,numeric,N6,7667.0,636.1308901617812,7030.869109838219,0.0829699869781898,0.03966529015903561,0.04173589980989186,0.050885163180916154,0.00010536330996780021,0.4382813743111921,0.4722533429586386,
EXT_SOURCE_3,numeric,N7,7232.0,523.2348326487149,6708.7651673512855,0.07234994920474487,0.0326313008439256,0.03982399650030795,0.19919768143474434,0.0014327682980171208,0.4722533429586386,0.5028782772082183,
EXT_SOURCE_3,numeric,N8,14742.0,984.7985976309545,13757.201402369046,0.06680223834153809,0.061389033068111255,0.08166120116497405,0.2853477904528031,0.005784618374127606,0.5028782772082183,0.5585066276769286,
EXT_SOURCE_3,numeric,N9,14512.0,792.4730258820346,13719.526974117965,0.05460811920355806,0.049406187550695764,0.0814375781211088,0.4997611437485488,0.0160080443873261,0.5585066276769286,0.6127042441012546,
EXT_SOURCE_3,numeric,N10,6664.0,346.14070711633536,6317.859292883664,0.05194188282057854,0.021597450643980946,0.03750370749868929,0.5518645127381856,0.008778098688612044,0.6127042441012546,0.6347055309763198,
EXT_SOURCE_3,numeric,N11,7324.0,362.3948256479589,6961.605174352041,0.04948045134461481,0.0226101635641353,0.04132477181664725,0.6030626015997357,0.011286080340679742,0.6347055309763198,0.6594055320683344,
EXT_SOURCE_3,numeric,N12,6704.0,305.85434568344425,6398.145654316556,0.045622664928914716,0.019087408733697058,0.03798026099552897,0.6880376882171049,0.012998994394058128,0.6594055320683344,0.6832688314232291,
EXT_SOURCE_3,numeric,N13,6572.0,259.5284732165876,6312.471526783413,0.03949002939996768,0.016201075064274588,0.03747172748702347,0.8385091129173272,0.017835635894171965,0.6832688314232291,0.7076993447402619,
EXT_SOURCE_3,numeric,N14,19235.0,700.2714199493423,18534.728580050658,0.03640610449437704,0.04366156612411069,0.11001903482609769,0.9241851733030906,0.06132658871230026,0.7076993447402619,0.7958031328748403,
EXT_SOURCE_3,numeric,N15,6245.0,198.9456586897762,6046.054341310224,0.03185679082302261,0.01242646256275687,0.035890362494395714,1.0606405289153082,0.02488676323390929,0.7958031328748403,inf,
EXT_SOURCE_3,numeric,MISSING,36560.0,3809.6097548104517,32750.39024518955,0.1042015797267629,0.23738890351978292,0.19439853783887698,-0.1997893687873577,0.008589018023325883,,,
EXT_SOURCE_1,numeric,N0,14058.0,2244.60155508317,11813.398444916831,0.15966720408900056,0.13992029117768487,0.07012529771935554,-0.6907893023517921,0.04821363483872722,-inf,0.27581555113011497,
EXT_SOURCE_1,numeric,N1,13289.0,1436.7846472460135,11852.215352753987,0.1081183420307031,0.0895751401056013,0.07035570830154542,-0.241513905578542,0.004641760037997981,0.27581555113011497,0.394916249800447,
EXT_SOURCE_1,numeric,N2,8350.0,727.1340065363221,7622.865993463678,0.08708191695045774,0.04534795400895621,0.04525100773532293,-0.0021401196828056347,2.0747662837723552e-07,0.394916249800447,0.46659686309839343,
EXT_SOURCE_1,numeric,N3,12079.0,840.1015789195433,11238.898421080457,0.06955059019120319,0.05238837299833727,0.06671516300394864,0.24174758111804004,0.00346346682904266,0.46659686309839343,0.5674506128899706,
EXT_SOURCE_1,numeric,N4,7702.0,474.3814264149259,7227.618573585074,0.06159197953972032,0.029595787018369103,0.04290488607861274,0.3713536933152603,0.0049423830907201335,0.5674506128899706,0.6319691509266724,
EXT_SOURCE_1,numeric,N5,7408.0,356.1773913516278,7051.822608648372,0.04808010142435581,0.022229018701369188,0.041861391042953965,0.6329653632920857,0.012426611691476705,0.6319691509266724,0.6969945843795549,
EXT_SOURCE_1,numeric,N6,17577.0,596.6704996729384,16980.32950032706,0.03394609430920739,0.037217145036392695,0.10079532423477114,0.9963224248236816,0.06334436566480296,0.6969945843795549,inf,
EXT_SOURCE_1,numeric,MISSING,104043.0,9365.724101820402,94677.27589817959,0.09001782053401385,0.5837262909532893,0.5619912218834897,-0.037945962741670065,0.0008247581211102413,,,
BUREAU_DEBT_CREDIT_RATIO_MEAN,numeric,N0,58630.0,3308.060714589997,55321.93928541,0.05642266270834039,0.20617200243046857,0.3283807193660227,0.465462881376248,0.05688362151411731,-inf,0.11548015957446808,
BUREAU_DEBT_CREDIT_RATIO_MEAN,numeric,N1,15166.0,1022.7917137488449,14143.208286251154,0.06743978067709647,0.06376612669181424,0.08395365716940131,0.2750428264740688,0.005552435442086958,0.11548015957446808,0.1784025777684221,
BUREAU_DEBT_CREDIT_RATIO_MEAN,numeric,N2,7824.0,567.2427158260094,7256.75728417399,0.07250034711477625,0.035378722860059775,0.04307733712366984,0.19688644773452046,0.0015157528148404965,0.1784025777684221,0.21035819824907367,
BUREAU_DEBT_CREDIT_RATIO_MEAN,numeric,N3,7755.0,610.3139960494045,7144.6860039505955,0.07869941921978137,0.03806269720931141,0.0424121089071379,0.10819918224437254,0.00047060278894893475,0.21035819824907367,0.24368362114545544,
BUREAU_DEBT_CREDIT_RATIO_MEAN,numeric,N4,7692.0,645.156597023744,7046.843402976256,0.08387371256158918,0.04023390379502932,0.041831338715013176,0.0389357704803883,6.219735940184882e-05,0.24368362114545544,0.279679,
BUREAU_DEBT_CREDIT_RATIO_MEAN,numeric,N5,7794.0,693.7167032794691,7100.283296720531,0.08900650542461755,0.04325991274835749,0.04214854509595482,-0.026026237054516007,2.89247179761528e-05,0.279679,0.31811946141493097,
BUREAU_DEBT_CREDIT_RATIO_MEAN,numeric,N6,15749.0,1618.2186363320232,14130.781363667977,0.10275056424738226,0.10086998287575558,0.08387989394004844,-0.1844464476931174,0.0031337615501813194,0.31811946141493097,0.4232362248696947,
BUREAU_DEBT_CREDIT_RATIO_MEAN,numeric,N7,7987.0,904.1974314624421,7082.802568537558,0.11320864297764394,0.05637595834822925,0.042044783689734966,-0.29330746866404833,0.004203440562065315,0.4232362248696947,0.48644788708599496,
BUREAU_DEBT_CREDIT_RATIO_MEAN,numeric,N8,8078.0,1057.135404274145,7020.864595725855,0.13086598220774265,0.065906243817436,0.041677134751425336,-0.45828053275616654,0.011103729010978631,0.48644788708599496,0.5939812135312535,
BUREAU_DEBT_CREDIT_RATIO_MEAN,numeric,N9,8026.0,1094.260135793077,6931.739864206923,0.1363394138790278,0.06821966070690065,0.041148111739650634,-0.5055547646445705,0.013686150566702047,0.5939812135312535,0.8116500555555556,
BUREAU_DEBT_CREDIT_RATIO_MEAN,numeric,N10,8260.0,1166.4516556044032,7093.548344395597,0.14121690745816018,0.07271825434986011,0.04210856803568914,-0.5463412082223057,0.016723333004189943,0.8116500555555556,inf,
BUREAU_DEBT_CREDIT_RATIO_MEAN,numeric,MISSING,31545.0,3354.0295030613834,28190.97049693862,0.10632523389004227,0.2090365341667776,0.16733780146625182,-0.22249450865731235,0.009277739043836084,,,
DAYS_EMPLOYED,numeric,N0,7338.0,328.9978717745652,7009.002128225435,0.044834814905228296,0.0205306453813568,0.0416063515439728,0.7063341704078833,0.014886491428131683,-inf,-7351.9,
DAYS_EMPLOYED,numeric,N1,7294.0,365.26352812622565,6928.7364718737745,0.050077259134387944,0.022790318034379274,0.0411299181177488,0.590399993267496,0.010827699765749937,-7351.9,-5393.799999999999,
DAYS_EMPLOYED,numeric,N2,7361.0,433.4009400654453,6927.599059934555,0.058877997563570886,0.027035884277928926,0.04112316677362652,0.41940660022548565,0.0059082992579365225,-5393.799999999999,-4462.0,
DAYS_EMPLOYED,numeric,N3,7450.0,511.19275530110326,6938.807244698897,0.0686164772216246,0.03188300563738958,0.041189695275500746,0.2561149812039521,0.0023835826417358576,-4462.0,-3745.0,
DAYS_EMPLOYED,numeric,N4,7450.0,533.3070868955089,6916.692913104491,0.07158484387859179,0.03326092500714231,0.041058431080463004,0.2106129156708576,0.001642255489063291,-3745.0,-3231.5,
DAYS_EMPLOYED,numeric,N5,7563.0,584.67042839162,6978.32957160838,0.0773066809984953,0.036461317605063756,0.041424288231912056,0.127615474104671,0.000633351849512802,-3231.5,-2841.399999999994,
DAYS_EMPLOYED,numeric,N6,7505.0,613.2377456472966,6891.762254352703,0.08171055904694159,0.03824131532375702,0.040910449992323676,0.06746904731531791,0.0001800839732444792,-2841.399999999994,-2503.0,
DAYS_EMPLOYED,numeric,N7,15111.0,1323.8550206952668,13787.144979304734,0.0876086970217237,0.08251908621587895,0.08183942218413645,-0.008270553347748094,5.621197633071851e-06,-2503.0,-1905.0,
DAYS_EMPLOYED,numeric,N8,7684.0,734.9580223212521,6949.041977678748,0.09564784257174025,0.04582557018602627,0.041250445652707086,-0.10518031990873632,0.00048121306203681934,-1905.0,-1671.0,
DAYS_EMPLOYED,numeric,N9,7556.0,737.7428836209816,6818.257116379018,0.09763669714412145,0.04599909179171399,0.04047414502302971,-0.12795827687692635,0.0007069626683575825,-1671.0,-1465.0,
DAYS_EMPLOYED,numeric,N10,7633.0,810.6001513273756,6822.399848672625,0.10619679697725344,0.0505387469909377,0.04049873506851473,-0.2214695684810767,0.002223557108003881,-1465.0,-1268.0,
DAYS_EMPLOYED,numeric,N11,15280.0,1665.1692701579952,13614.830729842004,0.10897704647630858,0.10378599692939496,0.08081661527031686,-0.25014847836949866,0.005745755871106656,-1268.0,-930.0,
DAYS_EMPLOYED,numeric,N12,7684.0,891.9296622232514,6792.070337776749,0.11607621840489997,0.05560629822654879,0.04031870797537651,-0.3214808933088541,0.004914668170486594,-930.0,-777.0,
DAYS_EMPLOYED,numeric,N13,38372.0,4639.56509489987,33732.43490510013,0.12091017134629078,0.28911728775892676,0.20022882119116583,-0.3673716272645197,0.03265510060804619,-777.0,inf,
DAYS_EMPLOYED,numeric,MISSING,33225.0,1867.6847455971852,31357.315254402816,0.05621323538291001,0.11640451063355488,0.1861308066192053,0.4693784022404523,0.03272801740388946,,,
BUREAU_DAYS_CREDIT_MOST_RECENT,numeric,N0,37595.0,2190.344384407712,35404.65561559229,0.05826158756238095,0.13651332633229543,0.21015525724379594,0.43142433909580585,0.031770921373233105,-inf,-646.0,
BUREAU_DAYS_CREDIT_MOST_RECENT,numeric,N1,23193.0,1536.3880020237948,21656.611997976204,0.0662436080724268,0.09576476305193359,0.128550654952862,0.2944282291401476,0.00965309209317066,-646.0,-405.0,
BUREAU_DAYS_CREDIT_MOST_RECENT,numeric,N2,7687.0,548.4806326873174,7138.519367312682,0.0713517149326548,0.034207437458144446,0.04237525370303163,0.21412146281300862,0.0017489047623430983,-405.0,-357.0,
BUREAU_DAYS_CREDIT_MOST_RECENT,numeric,N3,8040.0,618.6271977066411,7421.372802293359,0.07694368130679616,0.038578327964893674,0.044054193827912105,0.13272988682130266,0.0007268110562470711,-357.0,-313.0,
BUREAU_DAYS_CREDIT_MOST_RECENT,numeric,N4,8098.0,652.4641893882791,7445.535810611721,0.0805710285735094,0.04068673891384722,0.04419761879358838,0.08276870004081652,0.00029059096364563374,-313.0,-273.0,
BUREAU_DAYS_CREDIT_MOST_RECENT,numeric,N5,7836.0,659.7345478246915,7176.265452175308,0.08419277026859259,0.04113976096363148,0.04259930407186429,0.03486284290796935,5.088382209972984e-05,-273.0,-239.0,
BUREAU_DAYS_CREDIT_MOST_RECENT,numeric,N6,7852.0,712.4220039848933,7139.577996015107,0.09073127916262014,0.04442275995142158,0.042381537431585146,-0.04703912014330858,9.601731134981305e-05,-239.0,-208.0,
BUREAU_DAYS_CREDIT_MOST_RECENT,numeric,N7,16620.0,1601.5343397963175,15018.465660203683,0.09636187363395411,0.09982408526166625,0.08914844567060211,-0.11310658032126295,0.001207485086887551,-208.0,-149.0,
BUREAU_DAYS_CREDIT_MOST_RECENT,numeric,N8,8085.0,788.649569177417,7296.350430822583,0.09754478282961249,0.04917256261048016,0.04331209544758189,-0.12690386083259614,0.0007437159092544419,-149.0,-122.0,
BUREAU_DAYS_CREDIT_MOST_RECENT,numeric,N9,8081.0,795.8767918747626,7285.123208125237,0.09848741391842131,0.04962289683667197,0.04324545374433077,-0.13756024486942608,0.0008772826334232855,-122.0,-97.0,
BUREAU_DAYS_CREDIT_MOST_RECENT,numeric,N10,8567.0,928.1244271985622,7638.875572801438,0.10833715737114068,0.05786335641751663,0.04534523039850787,-0.24377930925643146,0.0030516601140989173,-97.0,-70.0,
BUREAU_DAYS_CREDIT_MOST_RECENT,numeric,N11,8248.0,952.5189750053344,7295.481024994666,0.11548484178047216,0.059383400875797486,0.04330693489392132,-0.31570195938345463,0.00507537181043976,-70.0,-41.0,
BUREAU_DAYS_CREDIT_MOST_RECENT,numeric,N12,8226.0,1092.8351464126347,7133.1648535873655,0.13285134286562542,0.0681266176160415,0.04234347078357275,-0.4755537610728843,0.012261272448474934,-41.0,inf,
BUREAU_DAYS_CREDIT_MOST_RECENT,numeric,MISSING,26378.0,2963.5749995565857,23414.425000443414,0.11235025398273507,0.1846939657456587,0.13898454903684387,-0.2843374471572972,0.01299689885803351,,,
PREV_GRANTED_REQUESTED_RATIO_MEAN,numeric,N0,8290.0,498.6455445675574,7791.354455432443,0.060150246630585935,0.031102171883049434,0.04625030307073342,0.39679036460305367,0.006010632497016017,-inf,0.8499899280408062,
PREV_GRANTED_REQUESTED_RATIO_MEAN,numeric,N1,34212.0,2411.259669013431,31800.74033098657,0.07047993888148693,0.15027874050493442,0.18876340821637308,0.22800258283267913,0.008774603637665425,0.8499899280408062,0.970601410725705,
PREV_GRANTED_REQUESTED_RATIO_MEAN,numeric,N2,43301.0,3339.0109423081303,39961.98905769187,0.07711163581229372,0.20808768998023977,0.237206333992867,0.1309707926388397,0.0038136918869019925,0.970601410725705,1.0193076564807997,
PREV_GRANTED_REQUESTED_RATIO_MEAN,numeric,N3,8640.0,700.4743174099036,7939.525682590096,0.08107341636688699,0.043678289715226096,0.04712980668589991,0.07605446340757294,0.0002625032711467286,1.0193076564807997,1.0308188758472727,
PREV_GRANTED_REQUESTED_RATIO_MEAN,numeric,N4,8725.0,722.1670897159252,8002.832910284075,0.08276986701615188,0.045029984306562715,0.047505580961993206,0.053518612272713324,0.00013249049754561034,1.0308188758472727,1.0419956891513589,
PREV_GRANTED_REQUESTED_RATIO_MEAN,numeric,N5,8682.0,772.0808698719824,7909.919130128018,0.08892891843722442,0.048140153247550464,0.046954070340709836,-0.024946718603078996,2.9588876516875115e-05,1.0419956891513589,1.0527820757011943,
PREV_GRANTED_REQUESTED_RATIO_MEAN,numeric,N6,8644.0,799.768309940616,7844.231690059384,0.09252294191816474,0.04986538054725988,0.04656416777919615,-0.06849567180007261,0.00022611878630350238,1.0527820757011943,1.0623551228558181,
PREV_GRANTED_REQUESTED_RATIO_MEAN,numeric,N7,8786.0,838.920115632132,7947.0798843678685,0.095483737267486,0.052304961954731444,0.04717464634809815,-0.10323464679118421,0.0005296263195780882,1.0623551228558181,1.074630895668301,
PREV_GRANTED_REQUESTED_RATIO_MEAN,numeric,N8,8826.0,931.1488367359242,7894.851163264076,0.10550066131157083,0.05805180987823471,0.046864631037383114,-0.2140726302920964,0.002394868800009187,1.074630895668301,1.088,
PREV_GRANTED_REQUESTED_RATIO_MEAN,numeric,N9,9022.0,1016.7396168004958,8005.260383199505,0.1126955904234644,0.06338504220324505,0.04751998977297354,-0.28807744637516036,0.004570363790720649,1.088,1.1055249880434546,
PREV_GRANTED_REQUESTED_RATIO_MEAN,numeric,N10,8812.0,994.349373786797,7817.650626213203,0.11284037378424841,0.06198988763501459,0.04640638990155994,-0.2895341059350724,0.00451195408359702,1.1055249880434546,1.1221481799016164,
PREV_GRANTED_REQUESTED_RATIO_MEAN,numeric,N11,9146.0,1205.2343119097363,7940.765688090264,0.13177720445109734,0.0751303026190417,0.047137167017194614,-0.4661621758265929,0.0130493410003659,1.1221481799016164,1.1584205669666456,
PREV_GRANTED_REQUESTED_RATIO_MEAN,numeric,N12,9006.0,1211.211389811048,7794.788610188952,0.1344893837231899,0.07550273928860275,0.046270687267998496,-0.48966028133094225,0.014313774816289818,1.1584205669666456,inf,
PREV_GRANTED_REQUESTED_RATIO_MEAN,numeric,MISSING,10414.0,600.5648195412633,9813.435180458737,0.05766898593636099,0.03745284623630702,0.05825281760701964,0.4417097541671525,0.009187550240841282,,,
APP_GOODS_CREDIT_RATIO,numeric,N0,10893.0,1503.1670611397924,9389.832938860207,0.1379938548737531,0.09371809734666915,0.05573975473537891,-0.5195976900787308,0.01973345909384504,-inf,0.7163323782234957,
APP_GOODS_CREDIT_RATIO,numeric,N1,26935.0,3148.4423762212346,23786.557623778765,0.11689037966293798,0.19626212196871246,0.14119677826744753,-0.3292966147523381,0.018132831271000523,0.7163323782234957,0.8256293970579685,
APP_GOODS_CREDIT_RATIO,numeric,N2,29035.0,2757.130583983896,26277.869416016103,0.09495886288906134,0.1718730816116004,0.15598487035883635,-0.09699728915909325,0.0015411134211051134,0.8256293970579685,0.8632611155345095,
APP_GOODS_CREDIT_RATIO,numeric,N3,37617.0,2940.094551182229,34676.90544881777,0.07815866632592257,0.1832765600357594,0.20584041984042903,0.11610493854818793,0.002619775556031095,0.8632611155345095,0.9099181073703366,
APP_GOODS_CREDIT_RATIO,numeric,N4,79865.0,5678.277438959669,74186.72256104033,0.07109844661565978,0.35393753749654894,0.44036538608111186,0.2184843553984099,0.018883132786469605,0.9099181073703366,inf,
APP_GOODS_CREDIT_RATIO,numeric,MISSING,161.0,14.463195558122049,146.53680444187796,0.08983351278336676,0.0009326015407096551,0.0008727907167963472,-0.0662822380867917,3.964395270789049e-06,,,
OCCUPATION_TYPE,categorical,C0,29219.0,1952.699458637652,27266.300541362347,0.06682978399800309,0.1217358162140703,0.1618520647233315,0.28482948140097086,0.011426290258645336,,,Accountants|High skill tech staff|Core staff
OCCUPATION_TYPE,categorical,C1,33984.0,3029.8884780191343,30954.111521980867,0.0891563229172297,0.18887308881125967,0.18374241524748064,-0.02754044206336882,0.0001413010180293143,,,Managers|__RARE__|Secretaries|Cooking staff|Private service staff|Cleaning staff|Low-skill Laborers|Medicine staff|Security staff|HR staff|Waiters/barmen staff|Realty agents|IT staff
OCCUPATION_TYPE,categorical,C2,19097.0,2069.6517989987997,17027.3482010012,0.10837575530181702,0.12902503009801256,0.1010750192325209,-0.24414341150096394,0.006823811004190144,,,Sales staff
OCCUPATION_TYPE,categorical,C3,33119.0,3717.0367742169556,29401.963225783045,0.11223275987248876,0.2317005421611062,0.17452907149212024,-0.28335444478752697,0.016199790329096898,,,Laborers
OCCUPATION_TYPE,categorical,C4,11195.0,1272.1991989946098,9922.80080100539,0.11363994631483786,0.07932271079609424,0.058903380360927564,-0.2976259979725726,0.006077323598698206,,,Drivers
OCCUPATION_TYPE,categorical,MISSING,57892.0,4000.099498177791,53891.90050182221,0.06909589404715316,0.24934281191945706,0.31989804894361906,0.2491736436762231,0.017580505489750004,,,__MISSING__
OCCUPATION_TYPE,categorical,OTHER,0.0,0.0,0.0,,0.0,0.0,0.0,0.0,,,
BUREAU_ACTIVE_COUNT,numeric,N0,27647.0,1615.496858937464,26031.503141062538,0.05843298943601345,0.1007129278997706,0.15452155603078407,0.42805943602064117,0.023033291010806034,-inf,0.0,
BUREAU_ACTIVE_COUNT,numeric,N1,44499.0,3434.896715652556,41064.103284347446,0.07719042485567217,0.21410243455430733,0.24375252119093044,0.12969888653249018,0.0038455832223618838,0.0,1.0,
BUREAU_ACTIVE_COUNT,numeric,N2,35160.0,2911.7722112977513,32248.22778870225,0.08281490930880976,0.181500019395945,0.19142297928134255,0.053229770183929145,0.0005281968742440591,1.0,2.0,
BUREAU_ACTIVE_COUNT,numeric,N3,22919.0,2064.0103882308294,20854.98961176917,0.09005673843670446,0.12866540224275594,0.12379464957543367,-0.03859111259517155,0.00018796776460786597,2.0,3.0,
BUREAU_ACTIVE_COUNT,numeric,N4,13242.0,1320.502480461488,11921.497519538512,0.09972077333193535,0.08232814738118525,0.0707669554944225,-0.15132089726061623,0.0017494499297070975,3.0,4.0,
BUREAU_ACTIVE_COUNT,numeric,N5,7195.0,794.2123749485175,6400.787625051483,0.11038392980521439,0.04952844411583279,0.03799695778552308,-0.2650410348956891,0.003056317070870778,4.0,5.0,
BUREAU_ACTIVE_COUNT,numeric,N6,7466.0,937.109177959751,6528.890822040249,0.1255169003428544,0.05843412690796439,0.03875735663857939,-0.410579497504029,0.00807887844970631,5.0,inf,
BUREAU_ACTIVE_COUNT,numeric,MISSING,26378.0,2963.5749995565857,23414.425000443414,0.11235025398273507,0.18472849750223877,0.1389870240029844,-0.2845065897809034,0.013013750636826424,,,
CC_UTILIZATION_MEAN,numeric,N0,20686.0,1333.5670209666207,19352.43297903338,0.06446712853942864,0.08315272648086659,0.11487709199514444,0.3231837965572278,0.010252800890273505,-inf,0.10627214927536235,
CC_UTILIZATION_MEAN,numeric,N1,14017.0,1292.194407211202,12724.805592788798,0.09218765835850766,0.08057396126042798,0.07553615272852247,-0.06456415029990616,0.000325261827236097,0.10627214927536235,0.5490443777173912,
CC_UTILIZATION_MEAN,numeric,N2,12184.0,1927.6899647091911,10256.31003529081,0.15821486906674254,0.12018455611206273,0.06088340776446352,-0.6800678418285584,0.04032880397470698,0.5490443777173912,inf,
CC_UTILIZATION_MEAN,numeric,MISSING,137619.0,11488.123814157929,126130.87618584208,0.08347774518168224,0.7160887561466428,0.7487033475118696,0.04453871994894214,0.0014526121510650238,,,
INST_LATE_RATE,numeric,N0,90942.0,6601.0715791811635,84340.92842081883,0.07258551141586025,0.4114134761304608,0.5006349302963308,0.19627841998291137,0.017512246052254703,-inf,0.023255813953488372,
INST_LATE_RATE,numeric,N1,16909.0,1423.0761946188197,15485.92380538118,0.0841608725896753,0.08871803081128563,0.09192451263290062,0.03550457813148238,0.00011384478436270756,0.023255813953488372,0.05454545454545454,
INST_LATE_RATE,numeric,N2,8759.0,783.0887850459195,7975.911214954081,0.08940390284803282,0.04883367271654623,0.047346483778874536,-0.03092753293092943,4.599508484435517e-05,0.05454545454545454,0.075,
INST_LATE_RATE,numeric,N3,9120.0,865.9275306916364,8254.072469308363,0.0949481941547847,0.0539962277075229,0.048997596912623904,-0.09714293254756053,0.0004855816541390322,0.075,0.0967741935483871,
INST_LATE_RATE,numeric,N4,9209.0,1007.6798221036049,8201.320177896396,0.10942337084413127,0.0628303064204117,0.048684469186090366,-0.25507747203565967,0.0036082844015585917,0.0967741935483871,0.12727272727272726,
INST_LATE_RATE,numeric,N5,10320.0,1139.7119836360432,9180.288016363957,0.11043720771667086,0.07105862143382198,0.054495439011360475,-0.26538818007181936,0.0043956728392946075,0.12727272727272726,0.16666666666666666,
INST_LATE_RATE,numeric,N6,18329.0,2179.4463748101107,16149.55362518989,0.11890699846200614,0.13585542549700982,0.09586369501104126,-0.3486639335841145,0.013943674062073549,0.16666666666666666,0.3055555555555556,
INST_LATE_RATE,numeric,N7,10155.0,1403.8182078416535,8751.181792158346,0.13823911450927165,0.08751786276217222,0.05194834479364066,-0.5215930628719991,0.018552813822086983,0.3055555555555556,inf,
INST_LATE_RATE,numeric,MISSING,10763.0,637.754729115991,10125.245270884008,0.05925436487187504,0.03977637652076869,0.06010452837713749,0.4128120047635496,0.00839170512096548,,,
NAME_INCOME_TYPE,categorical,C0,33218.0,1864.8210718642065,31353.178928135792,0.05613887265531358,0.11626592251365017,0.18611233049356515,0.47047041585962573,0.032860668608611684,,,Pensioner
NAME_INCOME_TYPE,categorical,C1,56116.0,4424.259376246136,51691.74062375387,0.07884131756087633,0.2757963433426713,0.3068400168596415,0.10666378713176984,0.0033112357838022744,,,State servant|Commercial associate
NAME_INCOME_TYPE,categorical,C2,95140.0,9748.59398415857,85391.40601584144,0.10246577658354604,0.6076634327663833,0.5068778904804796,-0.1813510367594788,0.018277562583914938,,,Working
NAME_INCOME_TYPE,categorical,C3,32.0,3.9007747760309184,28.099225223969082,0.1218992117509662,0.0002743013772951605,0.00016976216631365852,-0.47982898323668655,5.016094331361956e-05,,,__RARE__|Maternity leave|Student|Unemployed|Businessman
NAME_INCOME_TYPE,categorical,MISSING,0.0,0.0,0.0,,0.0,0.0,0.0,0.0,,,__MISSING__
NAME_INCOME_TYPE,categorical,OTHER,0.0,0.0,0.0,,0.0,0.0,0.0,0.0,,,
PREV_REFUSED_RATE,numeric,N0,118907.0,9194.962992690906,109712.03700730909,0.07732903018906293,0.573084035569729,0.6512350141704238,0.1278382170357482,0.009990681763911742,-inf,0.1111111111111111,
PREV_REFUSED_RATE,numeric,N1,9535.0,840.14016328751,8694.85983671249,0.0881111865010498,0.05239077767174217,0.05161418139570632,-0.014934109228645295,1.1597773612878577e-05,0.1111111111111111,0.16666666666666666,
PREV_REFUSED_RATE,numeric,N2,8060.0,785.1592891269863,7274.840710873013,0.09741430386190897,0.0489642333783108,0.043185188677428946,-0.12559251875355262,0.0007258047799731234,0.16666666666666666,0.23529411764705882,
PREV_REFUSED_RATE,numeric,N3,9185.0,925.3992258745654,8259.600774125434,0.10075114054159667,0.05770433368247476,0.04903055741321831,-0.16288855342428143,0.001412858869225044,0.23529411764705882,0.2857142857142857,
PREV_REFUSED_RATE,numeric,N4,9442.0,1054.4095172267619,8387.590482773237,0.11167226405706014,0.06574457466402295,0.04979028261872848,-0.2779573161850821,0.0044346121985430545,0.2857142857142857,0.37037037037037035,
PREV_REFUSED_RATE,numeric,N5,12862.0,1653.167855016,11208.832144984,0.1285311658385943,0.10306067770571063,0.06653669468780328,-0.4375643234221049,0.01598159191791108,0.37037037037037035,0.5,
PREV_REFUSED_RATE,numeric,N6,6732.0,1019.5536756699439,5712.446324330056,0.15144885259506,0.06357227226245407,0.03391108055620021,-0.6284355835228882,0.0186401483179039,0.5,inf,
PREV_REFUSED_RATE,numeric,MISSING,9783.0,568.7824881522699,9214.21751184773,0.05813988430463763,0.035479095065555626,0.05469700048049043,0.4328652204658382,0.00831876286432738,,,
PREV_ACCEPTED_RATE,numeric,N0,9989.0,1408.613299954083,8580.386700045918,0.14101644808830543,0.08781943194753156,0.05093468826928065,-0.5447386068841604,0.020092543886569742,-inf,0.2857142857142857,
PREV_ACCEPTED_RATE,numeric,N1,9496.0,1165.720312437775,8330.279687562224,0.1227590893468592,0.07268173919534753,0.04945009545735717,-0.38512618428366574,0.008947114307449742,0.2857142857142857,0.375,
PREV_ACCEPTED_RATE,numeric,N2,8414.0,937.1693778096004,7476.8306221903995,0.11138214616230098,0.05843787871175281,0.0443841665367259,-0.2750814913521533,0.0038659161041403154,0.375,0.46153846153846156,
PREV_ACCEPTED_RATE,numeric,N3,18784.0,1860.6972881790346,16923.302711820965,0.09905756431958233,0.11599442613698638,0.10045682288903718,-0.14381412721860395,0.00223452685017276,0.46153846153846156,0.5,
PREV_ACCEPTED_RATE,numeric,N4,10531.0,985.3129612981327,9545.687038701868,0.09356309574571577,0.06143830611103947,0.0566645473799258,-0.08088477014705686,0.00038612437770363465,0.5,0.6,
PREV_ACCEPTED_RATE,numeric,N5,16288.0,1428.9665783421651,14859.033421657836,0.08773124867031956,0.08908789868215793,0.0882036704499372,-0.009974930767517617,8.820115399086268e-06,0.6,0.6666666666666666,
PREV_ACCEPTED_RATE,numeric,N6,101221.0,7686.312900871882,93534.68709912812,0.07593595104644177,0.4790612241496287,0.5552090085372458,0.14751622897310976,0.011233033997518708,0.6666666666666666,inf,
PREV_ACCEPTED_RATE,numeric,MISSING,9783.0,568.7824881522699,9214.21751184773,0.05813988430463763,0.035479095065555626,0.05469700048049044,0.4328652204658385,0.00831876286432739,,,
REGION_RATING_CLIENT_W_CITY,numeric,N0,20527.0,1063.6963226219384,19463.303677378062,0.05181937558444675,0.06633368658364336,0.11553555237534899,0.5548804339470391,0.027301152641505597,-inf,1.0,
REGION_RATING_CLIENT_W_CITY,numeric,N1,137572.0,11793.02511031755,125778.97488968245,0.0857225678940304,0.735116239132177,0.7466167122180088,0.015523315475562445,0.00017852547182958212,1.0,2.0,
REGION_RATING_CLIENT_W_CITY,numeric,N2,26407.0,3184.853774105454,23222.146225894547,0.12060642155888415,0.19855007428417965,0.13784773540664216,-0.36489162232895694,0.022149774912186768,2.0,inf,
REGION_RATING_CLIENT_W_CITY,numeric,MISSING,0.0,0.0,0.0,,0.0,0.0,0.0,0.0,,,
NAME_EDUCATION_TYPE,categorical,C0,44721.0,2646.053050931778,42074.946949068224,0.05916802063754787,0.16496544563785417,0.24975642404111711,0.4147501074917854,0.03516706740708696,,,Higher education
NAME_EDUCATION_TYPE,categorical,C1,137424.0,13125.79035093756,124298.20964906244,0.09551308614898096,0.8181904143398552,0.7378270104285232,-0.10338569596981023,0.00830842644387603,,,Incomplete higher|Secondary / secondary special
NAME_EDUCATION_TYPE,categorical,C2,2361.0,269.73180517560434,2091.268194824396,0.11424472900279727,0.016844140022290635,0.012416565530359821,-0.30497131223506996,0.0013502832028226635,,,__RARE__|Lower secondary|Academic degree
NAME_EDUCATION_TYPE,categorical,MISSING,0.0,0.0,0.0,,0.0,0.0,0.0,0.0,,,__MISSING__
NAME_EDUCATION_TYPE,categorical,OTHER,0.0,0.0,0.0,,0.0,0.0,0.0,0.0,,,
